date,category,raw_cumulative_records,raw_cumulative_share,dedup_cumulative_records,dedup_cumulative_share
2025-12-01,All,20,0.002051071684955389,20,0.002054231717337716
2025-12-02,All,71,0.007281304481591632,71,0.007292522596548891
2025-12-03,All,111,0.01138344785150241,111,0.011400986031224322
2025-12-04,All,136,0.013947287457696647,136,0.013968775677896467
2025-12-05,All,172,0.017639216490616345,172,0.017666392769104356
2025-12-06,All,193,0.019792841759819504,193,0.019823336072308958
2025-12-07,All,195,0.019997948928315044,195,0.020028759244042727
2025-12-08,All,215,0.022049020613270433,215,0.022082990961380444
2025-12-09,All,249,0.025535842477694595,249,0.02557518488085456
2025-12-10,All,443,0.04543123782176187,442,0.04539852095316352
2025-12-11,All,489,0.050148702697159264,488,0.05012325390304026
2025-12-12,All,558,0.05722490001025536,557,0.05721035332785538
2025-12-13,All,600,0.06153215054866167,599,0.061524239934264584
2025-12-14,All,602,0.06173725771715721,601,0.06172966310599836
2025-12-15,All,676,0.06932622295149216,674,0.06922760887428102
2025-12-16,All,743,0.0761973130960927,740,0.07600657354149548
2025-12-17,All,799,0.0819403138139678,796,0.08175842235004109
2025-12-18,All,838,0.0859399035996308,835,0.08576417419884963
2025-12-19,All,912,0.09352886883396574,909,0.09336483155299918
2025-12-20,All,925,0.09486206542918675,922,0.09470008216926869
2025-12-22,All,961,0.09855399446210646,958,0.09839769926047658
2025-12-23,All,998,0.10234847707927391,995,0.10219802793755135
2025-12-24,All,1023,0.10491231668546816,1020,0.1047658175842235
2025-12-25,All,1025,0.10511742385396369,1022,0.10497124075595728
2025-12-26,All,1033,0.10593785252794585,1030,0.10579293344289235
2025-12-27,All,1034,0.10604040611219362,1031,0.10589564502875924
2025-12-29,All,1069,0.10962978156086556,1066,0.10949055053410024
2025-12-30,All,1083,0.11106553174033433,1080,0.11092851273623665
2025-12-31,All,1100,0.1128089426725464,1097,0.1126746096959737
2026-01-01,All,1121,0.11496256794174957,1118,0.11483155299917831
2026-01-02,All,1139,0.11680853245820941,1136,0.11668036154478226
2026-01-05,All,1201,0.12316685468157113,1198,0.12304847986852917
2026-01-06,All,1274,0.1306532663316583,1271,0.13054642563681182
2026-01-07,All,1329,0.1362937134652856,1326,0.13619556285949055
2026-01-08,All,1362,0.139677981745462,1358,0.1394823336072309
2026-01-09,All,1418,0.1454209824633371,1413,0.14513147082990963
2026-01-10,All,1427,0.14634396472156702,1422,0.1460558751027116
2026-01-11,All,1429,0.14654907189006255,1424,0.14626129827444537
2026-01-12,All,1515,0.15536868013537072,1508,0.15488907148726377
2026-01-13,All,1575,0.1615218951902369,1568,0.16105176663927692
2026-01-14,All,1589,0.16295764536970567,1582,0.1624897288414133
2026-01-15,All,1667,0.17095682494103168,1660,0.1705012325390304
2026-01-16,All,1723,0.17669982565890677,1716,0.176253081347576
2026-01-17,All,1738,0.17823812942262332,1731,0.1777937551355793
2026-01-18,All,1742,0.1786483437596144,1735,0.17820460147904685
2026-01-19,All,1757,0.18018664752333094,1750,0.17974527526705011
2026-01-20,All,1772,0.1817249512870475,1765,0.1812859490550534
2026-01-21,All,1935,0.1984411855194339,1927,0.1979252259654889
2026-01-22,All,2018,0.20695313301199877,2010,0.20645028759244044
2026-01-23,All,2074,0.21269613372987387,2064,0.21199671322925226
2026-01-24,All,2089,0.2142344374935904,2079,0.21353738701725555
2026-01-25,All,2094,0.21474720541482925,2084,0.21405094494658997
2026-01-26,All,2156,0.22110552763819097,2146,0.2204190632703369
2026-01-27,All,2253,0.2310532253102246,2243,0.23038208709942481
2026-01-28,All,2340,0.23997538713978053,2330,0.2393179950698439
2026-01-29,All,2419,0.24807712029535434,2409,0.24743221035332785
2026-01-30,All,2496,0.2559737462824326,2486,0.25534100246507807
2026-01-31,All,2525,0.25894780022561786,2515,0.25831963845521777
2026-02-01,All,2532,0.2596656753153523,2522,0.25903861955628593
2026-02-02,All,2667,0.27351040918880115,2657,0.27290468364831555
2026-02-03,All,2826,0.28981642908419647,2816,0.28923582580115037
2026-02-04,All,2958,0.30335350220490204,2947,0.30269104354971244
2026-02-05,All,3062,0.3140190749666701,3051,0.3133730484798685
2026-02-06,All,3191,0.32724848733463235,3180,0.3266228430566968
2026-02-07,All,3211,0.32929955901958774,3200,0.3286770747740345
2026-02-08,All,3213,0.3295046661880833,3202,0.3288824979457683
2026-02-09,All,3305,0.33893959593887807,3294,0.3383319638455218
2026-02-10,All,3378,0.34642600758896525,3367,0.34582990961380444
2026-02-11,All,3489,0.35780945544046766,3478,0.35723089564502875
2026-02-12,All,3593,0.36847502820223565,3582,0.3679129005751849
2026-02-13,All,3683,0.3777048507845349,3672,0.3771569433032046
2026-02-14,All,3691,0.37852527945851705,3680,0.3779786359901397
2026-02-15,All,3699,0.37934570813249924,3688,0.37880032867707475
2026-02-16,All,3757,0.38529381601886986,3746,0.38475760065735415
2026-02-17,All,3850,0.3948312993539124,3839,0.3943097781429745
2026-02-18,All,3977,0.40785560455337916,3966,0.40735414954806903
2026-02-19,All,4087,0.4191364988206338,4075,0.41854971240755956
2026-02-20,All,4207,0.4314429289303661,4195,0.43087510271158586
2026-02-21,All,4232,0.43400676853656034,4220,0.433442892358258
2026-02-22,All,4239,0.43472464362629476,4227,0.4341618734593262
2026-02-23,All,4347,0.4458004307250538,4335,0.44525472473294986
2026-02-24,All,4474,0.45882473592452055,4462,0.45829909613804437
2026-02-25,All,4584,0.4701056301917752,4572,0.4695973705834018
2026-02-26,All,4681,0.48005332786380883,4669,0.4795603944124897
2026-02-27,All,4789,0.49112911496256795,4777,0.4906532456861134
2026-02-28,All,4811,0.49338529381601887,4799,0.4929129005751849
2026-03-01,All,4813,0.4935904009845144,4801,0.49311832374691866
2026-03-02,All,4908,0.5033329914880526,4896,0.5028759244042728
2026-03-03,All,5021,0.5149215465080504,5009,0.514482333607231
2026-03-04,All,5142,0.5273305302020306,5130,0.5269104354971241
2026-03-05,All,5310,0.5445595323556558,5298,0.5441659819227609
2026-03-06,All,5407,0.5545072300276894,5395,0.5541290057518488
2026-03-07,All,5422,0.556045533791406,5410,0.5556696795398521
2026-03-09,All,5504,0.564454927699723,5492,0.5640920295809367
2026-03-10,All,5609,0.5752230540457389,5597,0.5748767460969597
2026-03-11,All,5730,0.587632037739719,5718,0.5873048479868529
2026-03-12,All,5851,0.6000410214336991,5839,0.5997329498767461
2026-03-13,All,5921,0.607219772331043,5909,0.6069227608874281
2026-03-14,All,5978,0.6130653266331658,5966,0.6127773212818406
2026-03-15,All,5980,0.6132704338016614,5968,0.6129827444535744
2026-03-16,All,6097,0.6252692031586504,6085,0.625
2026-03-17,All,6206,0.6364475438416572,6194,0.6361955628594905
2026-03-18,All,6299,0.6459850271766998,6287,0.645747740345111
2026-03-19,All,6397,0.6560352784329813,6385,0.6558134757600658
2026-03-20,All,6470,0.6635216900830684,6458,0.6633114215283484
2026-03-21,All,6493,0.6658804225207671,6481,0.6656737880032868
2026-03-23,All,6576,0.674392370013332,6564,0.6741988496302382
2026-03-24,All,6656,0.6825966567531535,6644,0.6824157764995892
2026-03-25,All,6741,0.6913137114142139,6729,0.6911462612982745
2026-03-26,All,6803,0.6976720336375757,6791,0.6975143796220213
2026-03-27,All,6876,0.7051584452876628,6864,0.705012325390304
2026-03-28,All,6886,0.7061839811301405,6874,0.7060394412489729
2026-03-29,All,6888,0.706389088298636,6876,0.7062448644207067
2026-03-30,All,6963,0.7140806071172188,6951,0.7139482333607231
2026-03-31,All,7035,0.7214644651830582,7023,0.7213434675431388
2026-04-01,All,7121,0.7302840734283663,7109,0.7301766639276911
2026-04-02,All,7184,0.7367449492359758,7172,0.7366474938373049
2026-04-03,All,7239,0.7423853963696031,7227,0.7422966310599836
2026-04-04,All,7264,0.7449492359757973,7252,0.7448644207066557
2026-04-06,All,7346,0.7533586298841144,7334,0.7532867707477403
2026-04-07,All,7426,0.761562916623936,7414,0.7615036976170912
2026-04-08,All,7509,0.7700748641165008,7497,0.7700287592440427
2026-04-09,All,7581,0.7774587221823402,7569,0.7774239934264585
2026-04-10,All,7635,0.7829966157317199,7623,0.7829704190632704
2026-04-11,All,7649,0.7844323659111886,7637,0.7844083812654067
2026-04-12,All,7655,0.7850476874166752,7643,0.785024650780608
2026-04-13,All,7724,0.7921238847297714,7712,0.7921117502054231
2026-04-14,All,7799,0.799815403548354,7787,0.7998151191454396
2026-04-15,All,7858,0.8058660650189724,7846,0.8058751027115859
2026-04-16,All,7925,0.8127371551635729,7913,0.8127567789646672
2026-04-17,All,7978,0.8181724951287047,7966,0.8182004930156122
2026-04-18,All,8017,0.8221720849143678,8005,0.8222062448644207
2026-04-19,All,8019,0.8223771920828633,8007,0.8224116680361545
2026-04-20,All,8086,0.8292482822274638,8074,0.8292933442892358
2026-04-21,All,8133,0.834068300687109,8121,0.8341207888249794
2026-04-22,All,8185,0.839401087067993,8173,0.8394617912900575
2026-04-23,All,8242,0.8452466413701158,8230,0.8453163516844701
2026-04-24,All,8277,0.8488360168187878,8264,0.8488085456039441
2026-04-25,All,8278,0.8489385704030356,8265,0.848911257189811
2026-04-27,All,8310,0.8522202850989642,8297,0.8521980279375514
2026-04-28,All,8356,0.8569377499743616,8343,0.8569227608874281
2026-04-29,All,8412,0.8626807506922367,8399,0.8626746096959738
2026-04-30,All,8459,0.8675007691518819,8446,0.8675020542317173
2026-05-01,All,8504,0.8721156804430314,8491,0.8721240755957272
2026-05-02,All,8514,0.8731412162855092,8501,0.873151191454396
2026-05-04,All,8552,0.8770382524869245,8539,0.8770542317173378
2026-05-05,All,8601,0.8820633781150651,8588,0.8820870994248151
2026-05-06,All,8646,0.8866782894062147,8633,0.886709120788825
2026-05-07,All,8685,0.8906778791918778,8672,0.8907148726376335
2026-05-08,All,8731,0.8953953440672752,8717,0.8953368940016434
2026-05-09,All,8740,0.8963183263255051,8726,0.8962612982744453
2026-05-11,All,8775,0.899907701774177,8761,0.8998562037797864
2026-05-12,All,8808,0.9032919700543534,8794,0.9032456861133936
2026-05-13,All,8845,0.9070864526715209,8831,0.9070460147904683
2026-05-14,All,8877,0.9103681673674495,8863,0.9103327855382087
2026-05-15,All,8927,0.915495846579838,8913,0.915468364831553
2026-05-16,All,8960,0.9188801148600143,8946,0.9188578471651603
2026-05-17,All,8961,0.9189826684442621,8947,0.9189605587510271
2026-05-18,All,8981,0.9210337401292176,8967,0.9210147904683649
2026-05-19,All,9034,0.9264690800943493,9020,0.9264585045193098
2026-05-20,All,9066,0.9297507947902779,9052,0.9297452752670501
2026-05-21,All,9109,0.934160598912932,9095,0.9341618734593262
2026-05-22,All,9148,0.938160188698595,9134,0.9381676253081348
2026-05-23,All,9165,0.939903599630807,9151,0.9399137222678718
2026-05-24,All,9166,0.9400061532150549,9152,0.9400164338537387
2026-05-25,All,9172,0.9406214747205415,9158,0.94063270336894
2026-05-26,All,9212,0.9447236180904522,9198,0.9447411668036154
2026-05-27,All,9239,0.947492564865142,9225,0.9475143796220213
2026-05-28,All,9254,0.9490308686288585,9240,0.9490550534100246
2026-05-29,All,9256,0.9492359757973541,9242,0.9492604765817584
2026-05-30,All,9271,0.9507742795610706,9257,0.9508011503697618
2026-05-31,All,9273,0.9509793867295662,9259,0.9510065735414954
2026-06-01,All,9304,0.9541585478412471,9290,0.9541906327033689
2026-06-02,All,9335,0.9573377089529279,9321,0.9573746918652424
2026-06-03,All,9379,0.9618500666598297,9364,0.9617912900575185
2026-06-04,All,9401,0.9641062455132807,9386,0.9640509449465899
2026-06-05,All,9424,0.9664649779509794,9409,0.9664133114215283
2026-06-06,All,9431,0.9671828530407137,9416,0.9671322925225966
2026-06-07,All,9451,0.9692339247256692,9436,0.9691865242399342
2026-06-08,All,9479,0.9721054250846067,9464,0.9720624486442071
2026-06-09,All,9497,0.9739513896010665,9482,0.973911257189811
2026-06-10,All,9519,0.9762075684545175,9504,0.9761709120788825
2026-06-11,All,9538,0.9781560865552251,9523,0.9781224322103533
2026-06-12,All,9563,0.9807199261614193,9548,0.9806902218570255
2026-06-13,All,9581,0.9825658906778791,9566,0.9825390304026295
2026-06-15,All,9600,0.9845144087785868,9585,0.9844905505341003
2026-06-16,All,9628,0.9873859091375243,9613,0.987366474938373
2026-06-17,All,9649,0.9895395344067275,9634,0.9895234182415776
2026-06-18,All,9671,0.9917957132601785,9656,0.9917830731306492
2026-06-19,All,9680,0.9927186955184084,9665,0.9927074774034511
2026-06-21,All,9681,0.9928212491026561,9666,0.9928101889893179
2026-06-22,All,9688,0.9935391241923905,9673,0.9935291700903862
2026-06-23,All,9702,0.9949748743718593,9687,0.9949671322925226
2026-06-24,All,9717,0.9965131781355758,9702,0.9965078060805259
2026-06-25,All,9733,0.9981540354835402,9718,0.998151191454396
2026-06-26,All,9742,0.99907701774177,9727,0.9990755957271981
2026-06-27,All,9751,1.0,9736,1.0
2025-12-01,Software Engineering,2,0.0006476683937823834,2,0.0006493506493506494
2025-12-02,Software Engineering,17,0.005505181347150259,17,0.00551948051948052
2025-12-03,Software Engineering,30,0.009715025906735751,30,0.00974025974025974
2025-12-04,Software Engineering,37,0.011981865284974092,37,0.012012987012987014
2025-12-05,Software Engineering,50,0.016191709844559584,50,0.016233766233766232
2025-12-06,Software Engineering,58,0.01878238341968912,58,0.01883116883116883
2025-12-07,Software Engineering,58,0.01878238341968912,58,0.01883116883116883
2025-12-08,Software Engineering,60,0.019430051813471502,60,0.01948051948051948
2025-12-09,Software Engineering,72,0.023316062176165803,72,0.023376623376623377
2025-12-10,Software Engineering,122,0.03950777202072539,121,0.039285714285714285
2025-12-11,Software Engineering,135,0.043717616580310883,134,0.04350649350649351
2025-12-12,Software Engineering,157,0.0508419689119171,156,0.05064935064935065
2025-12-13,Software Engineering,160,0.05181347150259067,159,0.05162337662337663
2025-12-14,Software Engineering,160,0.05181347150259067,159,0.05162337662337663
2025-12-15,Software Engineering,184,0.05958549222797927,182,0.05909090909090909
2025-12-16,Software Engineering,200,0.06476683937823834,198,0.06428571428571428
2025-12-17,Software Engineering,226,0.07318652849740932,224,0.07272727272727272
2025-12-18,Software Engineering,236,0.07642487046632124,234,0.07597402597402597
2025-12-19,Software Engineering,254,0.0822538860103627,252,0.08181818181818182
2025-12-20,Software Engineering,254,0.0822538860103627,252,0.08181818181818182
2025-12-22,Software Engineering,266,0.086139896373057,264,0.08571428571428572
2025-12-23,Software Engineering,280,0.09067357512953368,278,0.09025974025974026
2025-12-24,Software Engineering,285,0.09229274611398963,283,0.09188311688311689
2025-12-25,Software Engineering,285,0.09229274611398963,283,0.09188311688311689
2025-12-26,Software Engineering,289,0.0935880829015544,287,0.09318181818181819
2025-12-27,Software Engineering,289,0.0935880829015544,287,0.09318181818181819
2025-12-29,Software Engineering,297,0.09617875647668393,295,0.09577922077922078
2025-12-30,Software Engineering,305,0.09876943005181348,303,0.09837662337662338
2025-12-31,Software Engineering,306,0.09909326424870467,304,0.0987012987012987
2026-01-01,Software Engineering,307,0.09941709844559586,305,0.09902597402597403
2026-01-02,Software Engineering,318,0.10297927461139897,316,0.1025974025974026
2026-01-05,Software Engineering,341,0.11042746113989638,339,0.11006493506493506
2026-01-06,Software Engineering,373,0.1207901554404145,371,0.12045454545454545
2026-01-07,Software Engineering,395,0.12791450777202074,393,0.1275974025974026
2026-01-08,Software Engineering,409,0.1324481865284974,406,0.1318181818181818
2026-01-09,Software Engineering,420,0.13601036269430053,417,0.1353896103896104
2026-01-10,Software Engineering,424,0.13730569948186527,421,0.1366883116883117
2026-01-11,Software Engineering,425,0.13762953367875647,422,0.137012987012987
2026-01-12,Software Engineering,450,0.14572538860103626,447,0.14512987012987014
2026-01-13,Software Engineering,469,0.15187823834196892,466,0.1512987012987013
2026-01-14,Software Engineering,469,0.15187823834196892,466,0.1512987012987013
2026-01-15,Software Engineering,493,0.15965025906735753,490,0.1590909090909091
2026-01-16,Software Engineering,506,0.163860103626943,503,0.16331168831168832
2026-01-17,Software Engineering,508,0.1645077720207254,505,0.16396103896103897
2026-01-18,Software Engineering,509,0.16483160621761658,506,0.16428571428571428
2026-01-19,Software Engineering,515,0.16677461139896374,512,0.16623376623376623
2026-01-20,Software Engineering,519,0.16806994818652848,516,0.16753246753246753
2026-01-21,Software Engineering,576,0.18652849740932642,572,0.18571428571428572
2026-01-22,Software Engineering,602,0.1949481865284974,598,0.19415584415584416
2026-01-23,Software Engineering,617,0.19980569948186527,611,0.19837662337662337
2026-01-24,Software Engineering,622,0.20142487046632124,616,0.2
2026-01-25,Software Engineering,622,0.20142487046632124,616,0.2
2026-01-26,Software Engineering,639,0.20693005181347152,633,0.20551948051948052
2026-01-27,Software Engineering,682,0.22085492227979275,676,0.21948051948051947
2026-01-28,Software Engineering,707,0.22895077720207255,701,0.2275974025974026
2026-01-29,Software Engineering,726,0.23510362694300518,720,0.23376623376623376
2026-01-30,Software Engineering,746,0.241580310880829,740,0.24025974025974026
2026-01-31,Software Engineering,763,0.24708549222797926,757,0.2457792207792208
2026-02-01,Software Engineering,765,0.24773316062176165,759,0.24642857142857144
2026-02-02,Software Engineering,808,0.2616580310880829,802,0.2603896103896104
2026-02-03,Software Engineering,848,0.27461139896373055,842,0.2733766233766234
2026-02-04,Software Engineering,880,0.2849740932642487,873,0.28344155844155844
2026-02-05,Software Engineering,914,0.2959844559585492,907,0.29448051948051945
2026-02-06,Software Engineering,955,0.30926165803108807,948,0.3077922077922078
2026-02-07,Software Engineering,963,0.3118523316062176,956,0.3103896103896104
2026-02-08,Software Engineering,964,0.3121761658031088,957,0.3107142857142857
2026-02-09,Software Engineering,995,0.32221502590673573,988,0.3207792207792208
2026-02-10,Software Engineering,1021,0.33063471502590674,1014,0.32922077922077925
2026-02-11,Software Engineering,1065,0.3448834196891192,1058,0.3435064935064935
2026-02-12,Software Engineering,1091,0.35330310880829013,1084,0.35194805194805195
2026-02-13,Software Engineering,1121,0.3630181347150259,1114,0.36168831168831167
2026-02-14,Software Engineering,1122,0.3633419689119171,1115,0.362012987012987
2026-02-15,Software Engineering,1124,0.3639896373056995,1117,0.3626623376623377
2026-02-16,Software Engineering,1140,0.36917098445595853,1133,0.3678571428571429
2026-02-17,Software Engineering,1173,0.3798575129533679,1166,0.37857142857142856
2026-02-18,Software Engineering,1202,0.38924870466321243,1195,0.387987012987013
2026-02-19,Software Engineering,1244,0.4028497409326425,1237,0.4016233766233766
2026-02-20,Software Engineering,1280,0.41450777202072536,1273,0.4133116883116883
2026-02-21,Software Engineering,1286,0.4164507772020725,1279,0.4152597402597403
2026-02-22,Software Engineering,1288,0.4170984455958549,1281,0.4159090909090909
2026-02-23,Software Engineering,1322,0.42810880829015546,1315,0.42694805194805197
2026-02-24,Software Engineering,1363,0.4413860103626943,1356,0.44025974025974024
2026-02-25,Software Engineering,1395,0.45174870466321243,1388,0.45064935064935063
2026-02-26,Software Engineering,1426,0.46178756476683935,1419,0.4607142857142857
2026-02-27,Software Engineering,1459,0.4724740932642487,1452,0.4714285714285714
2026-02-28,Software Engineering,1462,0.4734455958549223,1455,0.4724025974025974
2026-03-01,Software Engineering,1462,0.4734455958549223,1455,0.4724025974025974
2026-03-02,Software Engineering,1493,0.4834844559585492,1486,0.4824675324675325
2026-03-03,Software Engineering,1517,0.49125647668393785,1510,0.4902597402597403
2026-03-04,Software Engineering,1552,0.5025906735751295,1545,0.5016233766233766
2026-03-05,Software Engineering,1589,0.5145725388601037,1582,0.5136363636363637
2026-03-06,Software Engineering,1623,0.5255829015544041,1616,0.5246753246753246
2026-03-07,Software Engineering,1628,0.5272020725388601,1621,0.5262987012987013
2026-03-09,Software Engineering,1652,0.5349740932642487,1645,0.5340909090909091
2026-03-10,Software Engineering,1678,0.5433937823834197,1671,0.5425324675324675
2026-03-11,Software Engineering,1719,0.5566709844559585,1712,0.5558441558441558
2026-03-12,Software Engineering,1754,0.5680051813471503,1747,0.5672077922077922
2026-03-13,Software Engineering,1770,0.5731865284974094,1763,0.5724025974025974
2026-03-14,Software Engineering,1781,0.5767487046632125,1774,0.575974025974026
2026-03-15,Software Engineering,1782,0.5770725388601037,1775,0.5762987012987013
2026-03-16,Software Engineering,1818,0.5887305699481865,1811,0.587987012987013
2026-03-17,Software Engineering,1857,0.601360103626943,1850,0.6006493506493507
2026-03-18,Software Engineering,1894,0.6133419689119171,1887,0.6126623376623377
2026-03-19,Software Engineering,1930,0.625,1923,0.6243506493506493
2026-03-20,Software Engineering,1954,0.6327720207253886,1947,0.6321428571428571
2026-03-21,Software Engineering,1961,0.635038860103627,1954,0.6344155844155844
2026-03-23,Software Engineering,1990,0.6444300518134715,1983,0.6438311688311689
2026-03-24,Software Engineering,2019,0.653821243523316,2012,0.6532467532467533
2026-03-25,Software Engineering,2049,0.6635362694300518,2042,0.662987012987013
2026-03-26,Software Engineering,2063,0.6680699481865285,2056,0.6675324675324675
2026-03-27,Software Engineering,2088,0.6761658031088082,2081,0.6756493506493506
2026-03-28,Software Engineering,2088,0.6761658031088082,2081,0.6756493506493506
2026-03-29,Software Engineering,2089,0.6764896373056994,2082,0.675974025974026
2026-03-30,Software Engineering,2109,0.6829663212435233,2102,0.6824675324675324
2026-03-31,Software Engineering,2137,0.6920336787564767,2130,0.6915584415584416
2026-04-01,Software Engineering,2167,0.7017487046632125,2160,0.7012987012987013
2026-04-02,Software Engineering,2188,0.7085492227979274,2181,0.7081168831168831
2026-04-03,Software Engineering,2200,0.7124352331606217,2193,0.712012987012987
2026-04-04,Software Engineering,2206,0.7143782383419689,2199,0.7139610389610389
2026-04-06,Software Engineering,2249,0.7283031088082902,2242,0.727922077922078
2026-04-07,Software Engineering,2275,0.7367227979274611,2268,0.7363636363636363
2026-04-08,Software Engineering,2307,0.7470854922279793,2300,0.7467532467532467
2026-04-09,Software Engineering,2338,0.7571243523316062,2331,0.7568181818181818
2026-04-10,Software Engineering,2353,0.7619818652849741,2346,0.7616883116883116
2026-04-11,Software Engineering,2355,0.7626295336787565,2348,0.7623376623376623
2026-04-12,Software Engineering,2358,0.7636010362694301,2351,0.7633116883116883
2026-04-13,Software Engineering,2389,0.773639896373057,2382,0.7733766233766234
2026-04-14,Software Engineering,2415,0.782059585492228,2408,0.7818181818181819
2026-04-15,Software Engineering,2440,0.7901554404145078,2433,0.7899350649350649
2026-04-16,Software Engineering,2467,0.7988989637305699,2460,0.7987012987012987
2026-04-17,Software Engineering,2484,0.8044041450777202,2477,0.8042207792207792
2026-04-18,Software Engineering,2491,0.8066709844559585,2484,0.8064935064935065
2026-04-19,Software Engineering,2491,0.8066709844559585,2484,0.8064935064935065
2026-04-20,Software Engineering,2517,0.8150906735751295,2510,0.814935064935065
2026-04-21,Software Engineering,2533,0.8202720207253886,2526,0.8201298701298702
2026-04-22,Software Engineering,2550,0.8257772020725389,2543,0.8256493506493506
2026-04-23,Software Engineering,2578,0.8348445595854922,2571,0.8347402597402598
2026-04-24,Software Engineering,2594,0.8400259067357513,2586,0.8396103896103896
2026-04-25,Software Engineering,2595,0.8403497409326425,2587,0.839935064935065
2026-04-27,Software Engineering,2603,0.842940414507772,2595,0.8425324675324676
2026-04-28,Software Engineering,2610,0.8452072538860104,2602,0.8448051948051948
2026-04-29,Software Engineering,2629,0.851360103626943,2621,0.8509740259740259
2026-04-30,Software Engineering,2648,0.8575129533678757,2640,0.8571428571428571
2026-05-01,Software Engineering,2669,0.8643134715025906,2661,0.8639610389610389
2026-05-02,Software Engineering,2674,0.8659326424870466,2666,0.8655844155844156
2026-05-04,Software Engineering,2685,0.8694948186528497,2677,0.8691558441558441
2026-05-05,Software Engineering,2705,0.8759715025906736,2697,0.8756493506493507
2026-05-06,Software Engineering,2720,0.8808290155440415,2712,0.8805194805194805
2026-05-07,Software Engineering,2732,0.8847150259067358,2724,0.8844155844155844
2026-05-08,Software Engineering,2748,0.8898963730569949,2740,0.8896103896103896
2026-05-09,Software Engineering,2752,0.8911917098445595,2744,0.8909090909090909
2026-05-11,Software Engineering,2762,0.8944300518134715,2754,0.8941558441558441
2026-05-12,Software Engineering,2770,0.897020725388601,2762,0.8967532467532467
2026-05-13,Software Engineering,2783,0.9012305699481865,2775,0.900974025974026
2026-05-14,Software Engineering,2791,0.903821243523316,2783,0.9035714285714286
2026-05-15,Software Engineering,2812,0.9106217616580311,2804,0.9103896103896104
2026-05-16,Software Engineering,2817,0.9122409326424871,2809,0.912012987012987
2026-05-17,Software Engineering,2818,0.9125647668393783,2810,0.9123376623376623
2026-05-18,Software Engineering,2826,0.9151554404145078,2818,0.9149350649350649
2026-05-19,Software Engineering,2843,0.9206606217616581,2835,0.9204545454545454
2026-05-20,Software Engineering,2856,0.9248704663212435,2848,0.9246753246753247
2026-05-21,Software Engineering,2879,0.9323186528497409,2871,0.9321428571428572
2026-05-22,Software Engineering,2887,0.9349093264248705,2879,0.9347402597402598
2026-05-23,Software Engineering,2890,0.935880829015544,2882,0.9357142857142857
2026-05-24,Software Engineering,2891,0.9362046632124352,2883,0.936038961038961
2026-05-25,Software Engineering,2892,0.9365284974093264,2884,0.9363636363636364
2026-05-26,Software Engineering,2899,0.9387953367875648,2891,0.9386363636363636
2026-05-27,Software Engineering,2913,0.9433290155440415,2905,0.9431818181818182
2026-05-28,Software Engineering,2916,0.944300518134715,2908,0.9441558441558442
2026-05-29,Software Engineering,2917,0.9446243523316062,2909,0.9444805194805195
2026-05-30,Software Engineering,2923,0.9465673575129534,2915,0.9464285714285714
2026-05-31,Software Engineering,2923,0.9465673575129534,2915,0.9464285714285714
2026-06-01,Software Engineering,2935,0.9504533678756477,2927,0.9503246753246753
2026-06-02,Software Engineering,2942,0.9527202072538861,2934,0.9525974025974026
2026-06-03,Software Engineering,2958,0.957901554404145,2950,0.9577922077922078
2026-06-04,Software Engineering,2963,0.959520725388601,2955,0.9594155844155844
2026-06-05,Software Engineering,2968,0.961139896373057,2960,0.961038961038961
2026-06-06,Software Engineering,2970,0.9617875647668394,2962,0.9616883116883117
2026-06-07,Software Engineering,2981,0.9653497409326425,2973,0.9652597402597403
2026-06-08,Software Engineering,2995,0.9698834196891192,2987,0.9698051948051948
2026-06-09,Software Engineering,3002,0.9721502590673575,2994,0.9720779220779221
2026-06-10,Software Engineering,3010,0.9747409326424871,3002,0.9746753246753247
2026-06-11,Software Engineering,3020,0.977979274611399,3012,0.977922077922078
2026-06-12,Software Engineering,3025,0.979598445595855,3017,0.9795454545454545
2026-06-13,Software Engineering,3031,0.9815414507772021,3023,0.9814935064935065
2026-06-15,Software Engineering,3038,0.9838082901554405,3030,0.9837662337662337
2026-06-16,Software Engineering,3050,0.9876943005181347,3042,0.9876623376623377
2026-06-17,Software Engineering,3057,0.989961139896373,3049,0.9899350649350649
2026-06-18,Software Engineering,3063,0.9919041450777202,3055,0.9918831168831169
2026-06-19,Software Engineering,3067,0.993199481865285,3059,0.9931818181818182
2026-06-21,Software Engineering,3067,0.993199481865285,3059,0.9931818181818182
2026-06-22,Software Engineering,3067,0.993199481865285,3059,0.9931818181818182
2026-06-23,Software Engineering,3068,0.9935233160621761,3060,0.9935064935064936
2026-06-24,Software Engineering,3078,0.9967616580310881,3070,0.9967532467532467
2026-06-25,Software Engineering,3079,0.9970854922279793,3071,0.9970779220779221
2026-06-26,Software Engineering,3087,0.9996761658031088,3079,0.9996753246753247
2026-06-27,Software Engineering,3088,1.0,3080,1.0
2025-12-01,Product Management,0,0.0,0,0.0
2025-12-02,Product Management,3,0.004273504273504274,3,0.004273504273504274
2025-12-03,Product Management,8,0.011396011396011397,8,0.011396011396011397
2025-12-04,Product Management,8,0.011396011396011397,8,0.011396011396011397
2025-12-05,Product Management,11,0.01566951566951567,11,0.01566951566951567
2025-12-06,Product Management,12,0.017094017094017096,12,0.017094017094017096
2025-12-07,Product Management,12,0.017094017094017096,12,0.017094017094017096
2025-12-08,Product Management,14,0.019943019943019943,14,0.019943019943019943
2025-12-09,Product Management,15,0.021367521367521368,15,0.021367521367521368
2025-12-10,Product Management,21,0.029914529914529916,21,0.029914529914529916
2025-12-11,Product Management,22,0.03133903133903134,22,0.03133903133903134
2025-12-12,Product Management,25,0.03561253561253561,25,0.03561253561253561
2025-12-13,Product Management,30,0.042735042735042736,30,0.042735042735042736
2025-12-14,Product Management,30,0.042735042735042736,30,0.042735042735042736
2025-12-15,Product Management,35,0.04985754985754986,35,0.04985754985754986
2025-12-16,Product Management,38,0.05413105413105413,38,0.05413105413105413
2025-12-17,Product Management,38,0.05413105413105413,38,0.05413105413105413
2025-12-18,Product Management,43,0.06125356125356125,43,0.06125356125356125
2025-12-19,Product Management,48,0.06837606837606838,48,0.06837606837606838
2025-12-20,Product Management,50,0.07122507122507123,50,0.07122507122507123
2025-12-22,Product Management,52,0.07407407407407407,52,0.07407407407407407
2025-12-23,Product Management,54,0.07692307692307693,54,0.07692307692307693
2025-12-24,Product Management,56,0.07977207977207977,56,0.07977207977207977
2025-12-25,Product Management,56,0.07977207977207977,56,0.07977207977207977
2025-12-26,Product Management,56,0.07977207977207977,56,0.07977207977207977
2025-12-27,Product Management,56,0.07977207977207977,56,0.07977207977207977
2025-12-29,Product Management,62,0.08831908831908832,62,0.08831908831908832
2025-12-30,Product Management,64,0.09116809116809117,64,0.09116809116809117
2025-12-31,Product Management,64,0.09116809116809117,64,0.09116809116809117
2026-01-01,Product Management,64,0.09116809116809117,64,0.09116809116809117
2026-01-02,Product Management,65,0.09259259259259259,65,0.09259259259259259
2026-01-05,Product Management,69,0.09829059829059829,69,0.09829059829059829
2026-01-06,Product Management,71,0.10113960113960115,71,0.10113960113960115
2026-01-07,Product Management,76,0.10826210826210826,76,0.10826210826210826
2026-01-08,Product Management,79,0.11253561253561253,79,0.11253561253561253
2026-01-09,Product Management,83,0.11823361823361823,83,0.11823361823361823
2026-01-10,Product Management,83,0.11823361823361823,83,0.11823361823361823
2026-01-11,Product Management,83,0.11823361823361823,83,0.11823361823361823
2026-01-12,Product Management,93,0.13247863247863248,93,0.13247863247863248
2026-01-13,Product Management,98,0.1396011396011396,98,0.1396011396011396
2026-01-14,Product Management,99,0.14102564102564102,99,0.14102564102564102
2026-01-15,Product Management,104,0.14814814814814814,104,0.14814814814814814
2026-01-16,Product Management,107,0.15242165242165243,107,0.15242165242165243
2026-01-17,Product Management,108,0.15384615384615385,108,0.15384615384615385
2026-01-18,Product Management,108,0.15384615384615385,108,0.15384615384615385
2026-01-19,Product Management,108,0.15384615384615385,108,0.15384615384615385
2026-01-20,Product Management,111,0.1581196581196581,111,0.1581196581196581
2026-01-21,Product Management,127,0.18091168091168092,127,0.18091168091168092
2026-01-22,Product Management,132,0.18803418803418803,132,0.18803418803418803
2026-01-23,Product Management,138,0.19658119658119658,138,0.19658119658119658
2026-01-24,Product Management,139,0.198005698005698,139,0.198005698005698
2026-01-25,Product Management,139,0.198005698005698,139,0.198005698005698
2026-01-26,Product Management,147,0.2094017094017094,147,0.2094017094017094
2026-01-27,Product Management,154,0.21937321937321938,154,0.21937321937321938
2026-01-28,Product Management,160,0.22792022792022792,160,0.22792022792022792
2026-01-29,Product Management,173,0.24643874643874644,173,0.24643874643874644
2026-01-30,Product Management,183,0.2606837606837607,183,0.2606837606837607
2026-01-31,Product Management,184,0.2621082621082621,184,0.2621082621082621
2026-02-01,Product Management,185,0.26353276353276356,185,0.26353276353276356
2026-02-02,Product Management,195,0.2777777777777778,195,0.2777777777777778
2026-02-03,Product Management,212,0.301994301994302,212,0.301994301994302
2026-02-04,Product Management,218,0.31054131054131057,218,0.31054131054131057
2026-02-05,Product Management,228,0.3247863247863248,228,0.3247863247863248
2026-02-06,Product Management,237,0.33760683760683763,237,0.33760683760683763
2026-02-07,Product Management,238,0.33903133903133903,238,0.33903133903133903
2026-02-08,Product Management,239,0.34045584045584043,239,0.34045584045584043
2026-02-09,Product Management,245,0.349002849002849,245,0.349002849002849
2026-02-10,Product Management,248,0.35327635327635326,248,0.35327635327635326
2026-02-11,Product Management,257,0.3660968660968661,257,0.3660968660968661
2026-02-12,Product Management,266,0.3789173789173789,266,0.3789173789173789
2026-02-13,Product Management,270,0.38461538461538464,270,0.38461538461538464
2026-02-14,Product Management,270,0.38461538461538464,270,0.38461538461538464
2026-02-15,Product Management,274,0.3903133903133903,274,0.3903133903133903
2026-02-16,Product Management,281,0.40028490028490027,281,0.40028490028490027
2026-02-17,Product Management,287,0.40883190883190884,287,0.40883190883190884
2026-02-18,Product Management,300,0.42735042735042733,300,0.42735042735042733
2026-02-19,Product Management,311,0.443019943019943,311,0.443019943019943
2026-02-20,Product Management,320,0.45584045584045585,320,0.45584045584045585
2026-02-21,Product Management,321,0.45726495726495725,321,0.45726495726495725
2026-02-22,Product Management,321,0.45726495726495725,321,0.45726495726495725
2026-02-23,Product Management,329,0.4686609686609687,329,0.4686609686609687
2026-02-24,Product Management,337,0.48005698005698005,337,0.48005698005698005
2026-02-25,Product Management,347,0.4943019943019943,347,0.4943019943019943
2026-02-26,Product Management,352,0.5014245014245015,352,0.5014245014245015
2026-02-27,Product Management,357,0.5085470085470085,357,0.5085470085470085
2026-02-28,Product Management,358,0.50997150997151,358,0.50997150997151
2026-03-01,Product Management,358,0.50997150997151,358,0.50997150997151
2026-03-02,Product Management,365,0.51994301994302,365,0.51994301994302
2026-03-03,Product Management,370,0.5270655270655271,370,0.5270655270655271
2026-03-04,Product Management,385,0.5484330484330484,385,0.5484330484330484
2026-03-05,Product Management,395,0.5626780626780626,395,0.5626780626780626
2026-03-06,Product Management,400,0.5698005698005698,400,0.5698005698005698
2026-03-07,Product Management,401,0.5712250712250713,401,0.5712250712250713
2026-03-09,Product Management,408,0.5811965811965812,408,0.5811965811965812
2026-03-10,Product Management,415,0.5911680911680912,415,0.5911680911680912
2026-03-11,Product Management,423,0.6025641025641025,423,0.6025641025641025
2026-03-12,Product Management,434,0.6182336182336182,434,0.6182336182336182
2026-03-13,Product Management,439,0.6253561253561254,439,0.6253561253561254
2026-03-14,Product Management,447,0.6367521367521367,447,0.6367521367521367
2026-03-15,Product Management,447,0.6367521367521367,447,0.6367521367521367
2026-03-16,Product Management,465,0.6623931623931624,465,0.6623931623931624
2026-03-17,Product Management,473,0.6737891737891738,473,0.6737891737891738
2026-03-18,Product Management,477,0.6794871794871795,477,0.6794871794871795
2026-03-19,Product Management,490,0.698005698005698,490,0.698005698005698
2026-03-20,Product Management,498,0.7094017094017094,498,0.7094017094017094
2026-03-21,Product Management,502,0.7150997150997151,502,0.7150997150997151
2026-03-23,Product Management,505,0.7193732193732194,505,0.7193732193732194
2026-03-24,Product Management,510,0.7264957264957265,510,0.7264957264957265
2026-03-25,Product Management,517,0.7364672364672364,517,0.7364672364672364
2026-03-26,Product Management,525,0.7478632478632479,525,0.7478632478632479
2026-03-27,Product Management,531,0.7564102564102564,531,0.7564102564102564
2026-03-28,Product Management,532,0.7578347578347578,532,0.7578347578347578
2026-03-29,Product Management,532,0.7578347578347578,532,0.7578347578347578
2026-03-30,Product Management,540,0.7692307692307693,540,0.7692307692307693
2026-03-31,Product Management,547,0.7792022792022792,547,0.7792022792022792
2026-04-01,Product Management,552,0.7863247863247863,552,0.7863247863247863
2026-04-02,Product Management,556,0.792022792022792,556,0.792022792022792
2026-04-03,Product Management,560,0.7977207977207977,560,0.7977207977207977
2026-04-04,Product Management,561,0.7991452991452992,561,0.7991452991452992
2026-04-06,Product Management,566,0.8062678062678063,566,0.8062678062678063
2026-04-07,Product Management,570,0.811965811965812,570,0.811965811965812
2026-04-08,Product Management,575,0.8190883190883191,575,0.8190883190883191
2026-04-09,Product Management,578,0.8233618233618234,578,0.8233618233618234
2026-04-10,Product Management,586,0.8347578347578347,586,0.8347578347578347
2026-04-11,Product Management,587,0.8361823361823362,587,0.8361823361823362
2026-04-12,Product Management,587,0.8361823361823362,587,0.8361823361823362
2026-04-13,Product Management,589,0.8390313390313391,589,0.8390313390313391
2026-04-14,Product Management,596,0.8490028490028491,596,0.8490028490028491
2026-04-15,Product Management,600,0.8547008547008547,600,0.8547008547008547
2026-04-16,Product Management,603,0.8589743589743589,603,0.8589743589743589
2026-04-17,Product Management,609,0.8675213675213675,609,0.8675213675213675
2026-04-18,Product Management,614,0.8746438746438746,614,0.8746438746438746
2026-04-19,Product Management,614,0.8746438746438746,614,0.8746438746438746
2026-04-20,Product Management,616,0.8774928774928775,616,0.8774928774928775
2026-04-21,Product Management,623,0.8874643874643875,623,0.8874643874643875
2026-04-22,Product Management,630,0.8974358974358975,630,0.8974358974358975
2026-04-23,Product Management,632,0.9002849002849003,632,0.9002849002849003
2026-04-24,Product Management,635,0.9045584045584045,635,0.9045584045584045
2026-04-25,Product Management,635,0.9045584045584045,635,0.9045584045584045
2026-04-27,Product Management,637,0.9074074074074074,637,0.9074074074074074
2026-04-28,Product Management,641,0.9131054131054132,641,0.9131054131054132
2026-04-29,Product Management,643,0.915954415954416,643,0.915954415954416
2026-04-30,Product Management,647,0.9216524216524217,647,0.9216524216524217
2026-05-01,Product Management,648,0.9230769230769231,648,0.9230769230769231
2026-05-02,Product Management,650,0.9259259259259259,650,0.9259259259259259
2026-05-04,Product Management,656,0.9344729344729344,656,0.9344729344729344
2026-05-05,Product Management,662,0.9430199430199431,662,0.9430199430199431
2026-05-06,Product Management,665,0.9472934472934473,665,0.9472934472934473
2026-05-07,Product Management,670,0.9544159544159544,670,0.9544159544159544
2026-05-08,Product Management,673,0.9586894586894587,673,0.9586894586894587
2026-05-09,Product Management,673,0.9586894586894587,673,0.9586894586894587
2026-05-11,Product Management,678,0.9658119658119658,678,0.9658119658119658
2026-05-12,Product Management,680,0.9686609686609686,680,0.9686609686609686
2026-05-13,Product Management,683,0.9729344729344729,683,0.9729344729344729
2026-05-14,Product Management,683,0.9729344729344729,683,0.9729344729344729
2026-05-15,Product Management,683,0.9729344729344729,683,0.9729344729344729
2026-05-16,Product Management,686,0.9772079772079773,686,0.9772079772079773
2026-05-17,Product Management,686,0.9772079772079773,686,0.9772079772079773
2026-05-18,Product Management,686,0.9772079772079773,686,0.9772079772079773
2026-05-19,Product Management,690,0.9829059829059829,690,0.9829059829059829
2026-05-20,Product Management,692,0.9857549857549858,692,0.9857549857549858
2026-05-21,Product Management,693,0.9871794871794872,693,0.9871794871794872
2026-05-22,Product Management,693,0.9871794871794872,693,0.9871794871794872
2026-05-23,Product Management,693,0.9871794871794872,693,0.9871794871794872
2026-05-24,Product Management,693,0.9871794871794872,693,0.9871794871794872
2026-05-25,Product Management,694,0.9886039886039886,694,0.9886039886039886
2026-05-26,Product Management,694,0.9886039886039886,694,0.9886039886039886
2026-05-27,Product Management,694,0.9886039886039886,694,0.9886039886039886
2026-05-28,Product Management,694,0.9886039886039886,694,0.9886039886039886
2026-05-29,Product Management,694,0.9886039886039886,694,0.9886039886039886
2026-05-30,Product Management,694,0.9886039886039886,694,0.9886039886039886
2026-05-31,Product Management,694,0.9886039886039886,694,0.9886039886039886
2026-06-01,Product Management,694,0.9886039886039886,694,0.9886039886039886
2026-06-02,Product Management,694,0.9886039886039886,694,0.9886039886039886
2026-06-03,Product Management,694,0.9886039886039886,694,0.9886039886039886
2026-06-04,Product Management,695,0.99002849002849,695,0.99002849002849
2026-06-05,Product Management,695,0.99002849002849,695,0.99002849002849
2026-06-06,Product Management,695,0.99002849002849,695,0.99002849002849
2026-06-07,Product Management,695,0.99002849002849,695,0.99002849002849
2026-06-08,Product Management,696,0.9914529914529915,696,0.9914529914529915
2026-06-09,Product Management,697,0.9928774928774928,697,0.9928774928774928
2026-06-10,Product Management,697,0.9928774928774928,697,0.9928774928774928
2026-06-11,Product Management,697,0.9928774928774928,697,0.9928774928774928
2026-06-12,Product Management,697,0.9928774928774928,697,0.9928774928774928
2026-06-13,Product Management,698,0.9943019943019943,698,0.9943019943019943
2026-06-15,Product Management,698,0.9943019943019943,698,0.9943019943019943
2026-06-16,Product Management,698,0.9943019943019943,698,0.9943019943019943
2026-06-17,Product Management,699,0.9957264957264957,699,0.9957264957264957
2026-06-18,Product Management,699,0.9957264957264957,699,0.9957264957264957
2026-06-19,Product Management,699,0.9957264957264957,699,0.9957264957264957
2026-06-21,Product Management,699,0.9957264957264957,699,0.9957264957264957
2026-06-22,Product Management,699,0.9957264957264957,699,0.9957264957264957
2026-06-23,Product Management,702,1.0,702,1.0
2026-06-24,Product Management,702,1.0,702,1.0
2026-06-25,Product Management,702,1.0,702,1.0
2026-06-26,Product Management,702,1.0,702,1.0
2026-06-27,Product Management,702,1.0,702,1.0
2025-12-01,"Data Science, AI & Machine Learning",14,0.0031912468657396852,14,0.003195617438940881
2025-12-02,"Data Science, AI & Machine Learning",41,0.009345794392523364,41,0.009358593928326865
2025-12-03,"Data Science, AI & Machine Learning",56,0.012764987462958741,56,0.012782469755763524
2025-12-04,"Data Science, AI & Machine Learning",71,0.01618418053339412,71,0.016206345583200183
2025-12-05,"Data Science, AI & Machine Learning",86,0.019603373603829497,86,0.01963022141063684
2025-12-06,"Data Science, AI & Machine Learning",96,0.021882835650786414,96,0.021912805295594612
2025-12-07,"Data Science, AI & Machine Learning",96,0.021882835650786414,96,0.021912805295594612
2025-12-08,"Data Science, AI & Machine Learning",107,0.024390243902439025,107,0.024423647569048162
2025-12-09,"Data Science, AI & Machine Learning",125,0.028493275586961478,125,0.028532298561972154
2025-12-10,"Data Science, AI & Machine Learning",246,0.056074766355140186,246,0.0561515635699612
2025-12-11,"Data Science, AI & Machine Learning",273,0.06222931388192387,273,0.06231454005934718
2025-12-12,"Data Science, AI & Machine Learning",307,0.06997948484157739,307,0.0700753252682036
2025-12-13,"Data Science, AI & Machine Learning",328,0.07476635514018691,328,0.07486875142661492
2025-12-14,"Data Science, AI & Machine Learning",330,0.0752222475495783,330,0.07532526820360648
2025-12-15,"Data Science, AI & Machine Learning",368,0.08388420332801459,368,0.08399908696644602
2025-12-16,"Data Science, AI & Machine Learning",407,0.09277410531114658,406,0.09267290572928555
2025-12-17,"Data Science, AI & Machine Learning",430,0.09801686801914748,429,0.09792284866468842
2025-12-18,"Data Science, AI & Machine Learning",453,0.10325963072714839,452,0.10317279160009131
2025-12-19,"Data Science, AI & Machine Learning",489,0.1114656940961933,488,0.11139009358593928
2025-12-20,"Data Science, AI & Machine Learning",498,0.11351720993845453,497,0.11344441908240128
2025-12-22,"Data Science, AI & Machine Learning",515,0.11739229541828129,514,0.1173248116868295
2025-12-23,"Data Science, AI & Machine Learning",530,0.12081148848871666,529,0.12074868751426615
2025-12-24,"Data Science, AI & Machine Learning",547,0.12468657396854342,546,0.12462908011869436
2025-12-25,"Data Science, AI & Machine Learning",547,0.12468657396854342,546,0.12462908011869436
2025-12-26,"Data Science, AI & Machine Learning",551,0.1255983587873262,550,0.12554211367267748
2025-12-27,"Data Science, AI & Machine Learning",551,0.1255983587873262,550,0.12554211367267748
2025-12-29,"Data Science, AI & Machine Learning",570,0.12992933667654433,569,0.12987902305409724
2025-12-30,"Data Science, AI & Machine Learning",572,0.13038522908593572,571,0.13033553983108878
2025-12-31,"Data Science, AI & Machine Learning",583,0.13289263733758833,582,0.13284638210454233
2026-01-01,"Data Science, AI & Machine Learning",596,0.13585593799863233,595,0.13581374115498746
2026-01-02,"Data Science, AI & Machine Learning",600,0.1367677228174151,599,0.13672677470897054
2026-01-05,"Data Science, AI & Machine Learning",630,0.14360610895828585,629,0.14357452636384388
2026-01-06,"Data Science, AI & Machine Learning",659,0.1502165488944609,658,0.15019401963022141
2026-01-07,"Data Science, AI & Machine Learning",679,0.15477547298837474,678,0.15475918740013694
2026-01-08,"Data Science, AI & Machine Learning",694,0.1581946660588101,693,0.1581830632275736
2026-01-09,"Data Science, AI & Machine Learning",726,0.16548894460907226,724,0.16525907327094272
2026-01-10,"Data Science, AI & Machine Learning",729,0.16617278322315934,727,0.16594384843643004
2026-01-11,"Data Science, AI & Machine Learning",730,0.16640072942785503,728,0.1661721068249258
2026-01-12,"Data Science, AI & Machine Learning",771,0.1757465238203784,767,0.17507418397626112
2026-01-13,"Data Science, AI & Machine Learning",799,0.18212901755185776,795,0.18146541885414288
2026-01-14,"Data Science, AI & Machine Learning",808,0.184180533394119,804,0.1835197443506049
2026-01-15,"Data Science, AI & Machine Learning",848,0.19329838158194665,844,0.19265007989043598
2026-01-16,"Data Science, AI & Machine Learning",877,0.19990882151812173,873,0.1992695731568135
2026-01-17,"Data Science, AI & Machine Learning",887,0.20218828356507865,883,0.2015521570417713
2026-01-18,"Data Science, AI & Machine Learning",890,0.20287212217916573,886,0.2022369322072586
2026-01-19,"Data Science, AI & Machine Learning",897,0.20446774561203557,893,0.20383474092672907
2026-01-20,"Data Science, AI & Machine Learning",904,0.2060633690449054,900,0.2054325496461995
2026-01-21,"Data Science, AI & Machine Learning",974,0.22201960337360382,970,0.2214106368409039
2026-01-22,"Data Science, AI & Machine Learning",1020,0.23250512878960566,1016,0.23191052271170964
2026-01-23,"Data Science, AI & Machine Learning",1044,0.23797583770230227,1040,0.23738872403560832
2026-01-24,"Data Science, AI & Machine Learning",1052,0.2397994073398678,1048,0.23921479114357452
2026-01-25,"Data Science, AI & Machine Learning",1056,0.24071119215865056,1052,0.24012782469755764
2026-01-26,"Data Science, AI & Machine Learning",1084,0.24709368589012992,1080,0.2465190595754394
2026-01-27,"Data Science, AI & Machine Learning",1124,0.2562115340779576,1120,0.25564939511527046
2026-01-28,"Data Science, AI & Machine Learning",1167,0.26601322087987234,1163,0.2654645058205889
2026-01-29,"Data Science, AI & Machine Learning",1208,0.2753590152723957,1204,0.2748230997489158
2026-01-30,"Data Science, AI & Machine Learning",1237,0.28196945520857075,1233,0.2814425930152933
2026-01-31,"Data Science, AI & Machine Learning",1243,0.2833371324367449,1239,0.282812143346268
2026-02-01,"Data Science, AI & Machine Learning",1245,0.28379302484613633,1241,0.2832686601232595
2026-02-02,"Data Science, AI & Machine Learning",1307,0.2979256895372692,1303,0.29742068020999773
2026-02-03,"Data Science, AI & Machine Learning",1386,0.31593343970822885,1382,0.31545309290116413
2026-02-04,"Data Science, AI & Machine Learning",1467,0.3343970822885799,1463,0.3339420223693221
2026-02-05,"Data Science, AI & Machine Learning",1510,0.3441987690904946,1506,0.3437571330746405
2026-02-06,"Data Science, AI & Machine Learning",1571,0.35810348757693183,1567,0.3576808947728829
2026-02-07,"Data Science, AI & Machine Learning",1574,0.35878732619101894,1570,0.3583656699383702
2026-02-08,"Data Science, AI & Machine Learning",1574,0.35878732619101894,1570,0.3583656699383702
2026-02-09,"Data Science, AI & Machine Learning",1616,0.368361066788238,1612,0.36795252225519287
2026-02-10,"Data Science, AI & Machine Learning",1649,0.37588329154319583,1645,0.3754850490755535
2026-02-11,"Data Science, AI & Machine Learning",1693,0.38591292454980625,1689,0.3855284181693677
2026-02-12,"Data Science, AI & Machine Learning",1752,0.3993617506268521,1748,0.39899566309061857
2026-02-13,"Data Science, AI & Machine Learning",1788,0.407567813995897,1784,0.40721296507646654
2026-02-14,"Data Science, AI & Machine Learning",1790,0.40802370640528834,1786,0.40766948185345814
2026-02-15,"Data Science, AI & Machine Learning",1792,0.4084795988146797,1788,0.4081259986304497
2026-02-16,"Data Science, AI & Machine Learning",1812,0.41303852290859355,1808,0.41269116640036524
2026-02-17,"Data Science, AI & Machine Learning",1851,0.42192842489172555,1847,0.4215932435517005
2026-02-18,"Data Science, AI & Machine Learning",1912,0.43583314337816276,1908,0.4355170052499429
2026-02-19,"Data Science, AI & Machine Learning",1950,0.444495099156599,1946,0.4441908240127825
2026-02-20,"Data Science, AI & Machine Learning",2005,0.4570321404148621,2001,0.45674503538005023
2026-02-21,"Data Science, AI & Machine Learning",2011,0.4583998176430362,2007,0.45811458571102487
2026-02-22,"Data Science, AI & Machine Learning",2014,0.45908365625712333,2010,0.4587993608765122
2026-02-23,"Data Science, AI & Machine Learning",2068,0.4713927513106907,2064,0.47112531385528417
2026-02-24,"Data Science, AI & Machine Learning",2125,0.4843856849783451,2121,0.48413604199954346
2026-02-25,"Data Science, AI & Machine Learning",2183,0.4976065648506952,2179,0.49737502853229854
2026-02-26,"Data Science, AI & Machine Learning",2230,0.5083200364713928,2226,0.5081031727916001
2026-02-27,"Data Science, AI & Machine Learning",2277,0.5190335080920903,2273,0.5188313170509016
2026-02-28,"Data Science, AI & Machine Learning",2288,0.5215409163437429,2284,0.5213421593243551
2026-03-01,"Data Science, AI & Machine Learning",2290,0.5219968087531343,2286,0.5217986761013467
2026-03-02,"Data Science, AI & Machine Learning",2337,0.5327102803738317,2333,0.5325268203606482
2026-03-03,"Data Science, AI & Machine Learning",2406,0.5484385684978346,2402,0.5482766491668569
2026-03-04,"Data Science, AI & Machine Learning",2459,0.5605197173467061,2455,0.560374343757133
2026-03-05,"Data Science, AI & Machine Learning",2543,0.5796671985411442,2539,0.5795480483907783
2026-03-06,"Data Science, AI & Machine Learning",2590,0.5903806701618418,2586,0.5902761926500799
2026-03-07,"Data Science, AI & Machine Learning",2597,0.5919762935947116,2593,0.5918740013695504
2026-03-09,"Data Science, AI & Machine Learning",2634,0.6004103031684522,2630,0.6003195617438941
2026-03-10,"Data Science, AI & Machine Learning",2687,0.6124914520173239,2683,0.6124172563341703
2026-03-11,"Data Science, AI & Machine Learning",2735,0.6234328698427171,2731,0.6233736589819676
2026-03-12,"Data Science, AI & Machine Learning",2781,0.633918395258719,2777,0.6338735448527734
2026-03-13,"Data Science, AI & Machine Learning",2813,0.6412126738089811,2809,0.6411778132846382
2026-03-14,"Data Science, AI & Machine Learning",2832,0.6455436516981993,2828,0.645514722666058
2026-03-15,"Data Science, AI & Machine Learning",2833,0.645771597902895,2829,0.6457429810545537
2026-03-16,"Data Science, AI & Machine Learning",2876,0.6555732847048097,2872,0.6555580917598722
2026-03-17,"Data Science, AI & Machine Learning",2915,0.6644631866879417,2911,0.6644601689112075
2026-03-18,"Data Science, AI & Machine Learning",2955,0.6735810348757694,2951,0.6735905044510386
2026-03-19,"Data Science, AI & Machine Learning",2990,0.6815591520401185,2986,0.6815795480483908
2026-03-20,"Data Science, AI & Machine Learning",3024,0.6893093229997721,3020,0.6893403332572472
2026-03-21,"Data Science, AI & Machine Learning",3031,0.6909049464326419,3027,0.6909381419767177
2026-03-23,"Data Science, AI & Machine Learning",3062,0.6979712787782083,3058,0.6980141520200868
2026-03-24,"Data Science, AI & Machine Learning",3095,0.7054935035331662,3091,0.7055466788404474
2026-03-25,"Data Science, AI & Machine Learning",3135,0.7146113517209939,3131,0.7146770143802785
2026-03-26,"Data Science, AI & Machine Learning",3158,0.7198541144289947,3154,0.7199269573156813
2026-03-27,"Data Science, AI & Machine Learning",3185,0.7260086619557784,3181,0.7260899338050674
2026-03-28,"Data Science, AI & Machine Learning",3191,0.7273763391839526,3187,0.727459484136042
2026-03-29,"Data Science, AI & Machine Learning",3191,0.7273763391839526,3187,0.727459484136042
2026-03-30,"Data Science, AI & Machine Learning",3227,0.7355824025529974,3223,0.73567678612189
2026-03-31,"Data Science, AI & Machine Learning",3253,0.7415090038750854,3249,0.7416115042227802
2026-04-01,"Data Science, AI & Machine Learning",3290,0.7499430134488261,3286,0.750057064597124
2026-04-02,"Data Science, AI & Machine Learning",3318,0.7563255071803054,3314,0.7564482994750057
2026-04-03,"Data Science, AI & Machine Learning",3347,0.7629359471164805,3343,0.7630677927413833
2026-04-04,"Data Science, AI & Machine Learning",3353,0.7643036243446547,3349,0.7644373430723579
2026-04-06,"Data Science, AI & Machine Learning",3377,0.7697743332573512,3373,0.7699155443962565
2026-04-07,"Data Science, AI & Machine Learning",3407,0.7766127193982221,3403,0.7767632960511299
2026-04-08,"Data Science, AI & Machine Learning",3438,0.7836790517437885,3434,0.7838393060944989
2026-04-09,"Data Science, AI & Machine Learning",3464,0.7896056530658765,3460,0.7897740241953892
2026-04-10,"Data Science, AI & Machine Learning",3481,0.7934807385457032,3477,0.7936544167998174
2026-04-11,"Data Science, AI & Machine Learning",3487,0.7948484157738773,3483,0.795023967130792
2026-04-12,"Data Science, AI & Machine Learning",3488,0.795076361978573,3484,0.7952522255192879
2026-04-13,"Data Science, AI & Machine Learning",3514,0.801002963300661,3510,0.8011869436201781
2026-04-14,"Data Science, AI & Machine Learning",3546,0.8082972418509232,3542,0.8084912120520429
2026-04-15,"Data Science, AI & Machine Learning",3569,0.8135400045589241,3565,0.8137411549874458
2026-04-16,"Data Science, AI & Machine Learning",3598,0.8201504444950991,3594,0.8203606482538234
2026-04-17,"Data Science, AI & Machine Learning",3615,0.824025529974926,3611,0.8242410408582516
2026-04-18,"Data Science, AI & Machine Learning",3626,0.8265329382265785,3622,0.8267518831317051
2026-04-19,"Data Science, AI & Machine Learning",3628,0.82698883063597,3624,0.8272083999086967
2026-04-20,"Data Science, AI & Machine Learning",3652,0.8324595395486665,3648,0.8326866012325953
2026-04-21,"Data Science, AI & Machine Learning",3666,0.8356507864144062,3662,0.8358822186715362
2026-04-22,"Data Science, AI & Machine Learning",3684,0.8397538180989287,3680,0.8399908696644601
2026-04-23,"Data Science, AI & Machine Learning",3701,0.8436289035787554,3697,0.8438712622688884
2026-04-24,"Data Science, AI & Machine Learning",3712,0.846136311830408,3708,0.846382104542342
2026-04-25,"Data Science, AI & Machine Learning",3712,0.846136311830408,3708,0.846382104542342
2026-04-27,"Data Science, AI & Machine Learning",3727,0.8495555049008434,3723,0.8498059803697786
2026-04-28,"Data Science, AI & Machine Learning",3751,0.85502621381354,3747,0.8552841816936773
2026-04-29,"Data Science, AI & Machine Learning",3773,0.8600410303168452,3769,0.8603058662405844
2026-04-30,"Data Science, AI & Machine Learning",3792,0.8643720082060634,3788,0.8646427756220041
2026-05-01,"Data Science, AI & Machine Learning",3812,0.8689309322999772,3808,0.8692079433919196
2026-05-02,"Data Science, AI & Machine Learning",3813,0.8691588785046729,3809,0.8694362017804155
2026-05-04,"Data Science, AI & Machine Learning",3829,0.8728060177798039,3825,0.8730883359963478
2026-05-05,"Data Science, AI & Machine Learning",3843,0.8759972646455436,3839,0.8762839534352888
2026-05-06,"Data Science, AI & Machine Learning",3857,0.8791885115112833,3853,0.8794795708742297
2026-05-07,"Data Science, AI & Machine Learning",3874,0.8830635969911101,3870,0.8833599634786579
2026-05-08,"Data Science, AI & Machine Learning",3894,0.8876225210850239,3889,0.8876968728600776
2026-05-09,"Data Science, AI & Machine Learning",3895,0.8878504672897196,3890,0.8879251312485734
2026-05-11,"Data Science, AI & Machine Learning",3904,0.8899019831319809,3899,0.8899794567450354
2026-05-12,"Data Science, AI & Machine Learning",3922,0.8940050148165033,3917,0.8940881077379593
2026-05-13,"Data Science, AI & Machine Learning",3937,0.8974242078869387,3932,0.8975119835653961
2026-05-14,"Data Science, AI & Machine Learning",3955,0.9015272395714611,3950,0.90162063455832
2026-05-15,"Data Science, AI & Machine Learning",3978,0.906770002279462,3973,0.9068705774937229
2026-05-16,"Data Science, AI & Machine Learning",4001,0.912012764987463,3996,0.9121205204291257
2026-05-17,"Data Science, AI & Machine Learning",4001,0.912012764987463,3996,0.9121205204291257
2026-05-18,"Data Science, AI & Machine Learning",4010,0.9140642808297242,4005,0.9141748459255877
2026-05-19,"Data Science, AI & Machine Learning",4034,0.9195349897424208,4029,0.9196530472494864
2026-05-20,"Data Science, AI & Machine Learning",4046,0.9222703441987691,4041,0.9223921479114358
2026-05-21,"Data Science, AI & Machine Learning",4059,0.9252336448598131,4054,0.9253595069618809
2026-05-22,"Data Science, AI & Machine Learning",4075,0.9288807841349441,4070,0.9290116411778133
2026-05-23,"Data Science, AI & Machine Learning",4084,0.9309322999772054,4079,0.9310659666742753
2026-05-24,"Data Science, AI & Machine Learning",4084,0.9309322999772054,4079,0.9310659666742753
2026-05-25,"Data Science, AI & Machine Learning",4087,0.9316161385912924,4082,0.9317507418397626
2026-05-26,"Data Science, AI & Machine Learning",4115,0.9379986323227718,4110,0.9381419767176443
2026-05-27,"Data Science, AI & Machine Learning",4124,0.9400501481650331,4119,0.9401963022141063
2026-05-28,"Data Science, AI & Machine Learning",4133,0.9421016640072942,4128,0.9422506277105683
2026-05-29,"Data Science, AI & Machine Learning",4134,0.94232961021199,4129,0.9424788860990642
2026-05-30,"Data Science, AI & Machine Learning",4142,0.9441531798495555,4137,0.9443049532070303
2026-05-31,"Data Science, AI & Machine Learning",4144,0.9446090722589469,4139,0.9447614699840219
2026-06-01,"Data Science, AI & Machine Learning",4161,0.9484841577387737,4156,0.9486418625884502
2026-06-02,"Data Science, AI & Machine Learning",4179,0.9525871894232961,4174,0.9527505135813741
2026-06-03,"Data Science, AI & Machine Learning",4204,0.9582858445406884,4198,0.9582287149052727
2026-06-04,"Data Science, AI & Machine Learning",4215,0.960793252792341,4209,0.9607395571787263
2026-06-05,"Data Science, AI & Machine Learning",4232,0.9646683382721678,4226,0.9646199497831546
2026-06-06,"Data Science, AI & Machine Learning",4236,0.9655801230909505,4230,0.9655329833371377
2026-06-07,"Data Science, AI & Machine Learning",4242,0.9669478003191246,4236,0.9669025336681123
2026-06-08,"Data Science, AI & Machine Learning",4250,0.9687713699566902,4244,0.9687286007760785
2026-06-09,"Data Science, AI & Machine Learning",4258,0.9705949395942558,4252,0.9705546678840448
2026-06-10,"Data Science, AI & Machine Learning",4271,0.9735582402552998,4265,0.9735220269344899
2026-06-11,"Data Science, AI & Machine Learning",4278,0.9751538636881696,4272,0.9751198356539603
2026-06-12,"Data Science, AI & Machine Learning",4296,0.979256895372692,4290,0.9792284866468842
2026-06-13,"Data Science, AI & Machine Learning",4301,0.9803966263961705,4295,0.9803697785893631
2026-06-15,"Data Science, AI & Machine Learning",4313,0.9831319808525188,4307,0.9831088792513125
2026-06-16,"Data Science, AI & Machine Learning",4326,0.9860952815135628,4320,0.9860762383017576
2026-06-17,"Data Science, AI & Machine Learning",4334,0.9879188511511283,4328,0.9879023054097238
2026-06-18,"Data Science, AI & Machine Learning",4347,0.9908821518121723,4341,0.9908696644601689
2026-06-19,"Data Science, AI & Machine Learning",4349,0.9913380442215637,4343,0.9913261812371604
2026-06-21,"Data Science, AI & Machine Learning",4350,0.9915659904262594,4344,0.9915544396256563
2026-06-22,"Data Science, AI & Machine Learning",4357,0.9931616138591293,4351,0.9931522483451267
2026-06-23,"Data Science, AI & Machine Learning",4362,0.9943013448826077,4356,0.9942935402876055
2026-06-24,"Data Science, AI & Machine Learning",4366,0.9952131297013904,4360,0.9952065738415887
2026-06-25,"Data Science, AI & Machine Learning",4380,0.9984043765671301,4374,0.9984021912805295
2026-06-26,"Data Science, AI & Machine Learning",4380,0.9984043765671301,4374,0.9984021912805295
2026-06-27,"Data Science, AI & Machine Learning",4387,1.0,4381,1.0
2025-12-01,Quantitative Finance,0,0.0,0,0.0
2025-12-02,Quantitative Finance,2,0.01639344262295082,2,0.01652892561983471
2025-12-03,Quantitative Finance,3,0.02459016393442623,3,0.024793388429752067
2025-12-04,Quantitative Finance,3,0.02459016393442623,3,0.024793388429752067
2025-12-05,Quantitative Finance,3,0.02459016393442623,3,0.024793388429752067
2025-12-06,Quantitative Finance,4,0.03278688524590164,4,0.03305785123966942
2025-12-07,Quantitative Finance,4,0.03278688524590164,4,0.03305785123966942
2025-12-08,Quantitative Finance,4,0.03278688524590164,4,0.03305785123966942
2025-12-09,Quantitative Finance,4,0.03278688524590164,4,0.03305785123966942
2025-12-10,Quantitative Finance,4,0.03278688524590164,4,0.03305785123966942
2025-12-11,Quantitative Finance,5,0.040983606557377046,5,0.04132231404958678
2025-12-12,Quantitative Finance,5,0.040983606557377046,5,0.04132231404958678
2025-12-13,Quantitative Finance,5,0.040983606557377046,5,0.04132231404958678
2025-12-14,Quantitative Finance,5,0.040983606557377046,5,0.04132231404958678
2025-12-15,Quantitative Finance,5,0.040983606557377046,5,0.04132231404958678
2025-12-16,Quantitative Finance,6,0.04918032786885246,6,0.049586776859504134
2025-12-17,Quantitative Finance,7,0.05737704918032787,7,0.05785123966942149
2025-12-18,Quantitative Finance,7,0.05737704918032787,7,0.05785123966942149
2025-12-19,Quantitative Finance,8,0.06557377049180328,8,0.06611570247933884
2025-12-20,Quantitative Finance,8,0.06557377049180328,8,0.06611570247933884
2025-12-22,Quantitative Finance,10,0.08196721311475409,10,0.08264462809917356
2025-12-23,Quantitative Finance,11,0.09016393442622951,11,0.09090909090909091
2025-12-24,Quantitative Finance,11,0.09016393442622951,11,0.09090909090909091
2025-12-25,Quantitative Finance,11,0.09016393442622951,11,0.09090909090909091
2025-12-26,Quantitative Finance,11,0.09016393442622951,11,0.09090909090909091
2025-12-27,Quantitative Finance,11,0.09016393442622951,11,0.09090909090909091
2025-12-29,Quantitative Finance,12,0.09836065573770492,12,0.09917355371900827
2025-12-30,Quantitative Finance,12,0.09836065573770492,12,0.09917355371900827
2025-12-31,Quantitative Finance,12,0.09836065573770492,12,0.09917355371900827
2026-01-01,Quantitative Finance,12,0.09836065573770492,12,0.09917355371900827
2026-01-02,Quantitative Finance,12,0.09836065573770492,12,0.09917355371900827
2026-01-05,Quantitative Finance,13,0.10655737704918032,13,0.10743801652892562
2026-01-06,Quantitative Finance,14,0.11475409836065574,14,0.11570247933884298
2026-01-07,Quantitative Finance,16,0.13114754098360656,16,0.1322314049586777
2026-01-08,Quantitative Finance,16,0.13114754098360656,16,0.1322314049586777
2026-01-09,Quantitative Finance,17,0.13934426229508196,17,0.14049586776859505
2026-01-10,Quantitative Finance,17,0.13934426229508196,17,0.14049586776859505
2026-01-11,Quantitative Finance,17,0.13934426229508196,17,0.14049586776859505
2026-01-12,Quantitative Finance,19,0.1557377049180328,19,0.15702479338842976
2026-01-13,Quantitative Finance,20,0.16393442622950818,20,0.1652892561983471
2026-01-14,Quantitative Finance,20,0.16393442622950818,20,0.1652892561983471
2026-01-15,Quantitative Finance,20,0.16393442622950818,20,0.1652892561983471
2026-01-16,Quantitative Finance,20,0.16393442622950818,20,0.1652892561983471
2026-01-17,Quantitative Finance,20,0.16393442622950818,20,0.1652892561983471
2026-01-18,Quantitative Finance,20,0.16393442622950818,20,0.1652892561983471
2026-01-19,Quantitative Finance,20,0.16393442622950818,20,0.1652892561983471
2026-01-20,Quantitative Finance,20,0.16393442622950818,20,0.1652892561983471
2026-01-21,Quantitative Finance,22,0.18032786885245902,22,0.18181818181818182
2026-01-22,Quantitative Finance,23,0.1885245901639344,23,0.19008264462809918
2026-01-23,Quantitative Finance,25,0.20491803278688525,25,0.2066115702479339
2026-01-24,Quantitative Finance,25,0.20491803278688525,25,0.2066115702479339
2026-01-25,Quantitative Finance,25,0.20491803278688525,25,0.2066115702479339
2026-01-26,Quantitative Finance,25,0.20491803278688525,25,0.2066115702479339
2026-01-27,Quantitative Finance,25,0.20491803278688525,25,0.2066115702479339
2026-01-28,Quantitative Finance,26,0.21311475409836064,26,0.21487603305785125
2026-01-29,Quantitative Finance,26,0.21311475409836064,26,0.21487603305785125
2026-01-30,Quantitative Finance,27,0.22131147540983606,27,0.2231404958677686
2026-01-31,Quantitative Finance,27,0.22131147540983606,27,0.2231404958677686
2026-02-01,Quantitative Finance,27,0.22131147540983606,27,0.2231404958677686
2026-02-02,Quantitative Finance,28,0.22950819672131148,28,0.23140495867768596
2026-02-03,Quantitative Finance,29,0.23770491803278687,29,0.2396694214876033
2026-02-04,Quantitative Finance,33,0.27049180327868855,33,0.2727272727272727
2026-02-05,Quantitative Finance,36,0.29508196721311475,36,0.2975206611570248
2026-02-06,Quantitative Finance,38,0.3114754098360656,38,0.3140495867768595
2026-02-07,Quantitative Finance,38,0.3114754098360656,38,0.3140495867768595
2026-02-08,Quantitative Finance,38,0.3114754098360656,38,0.3140495867768595
2026-02-09,Quantitative Finance,40,0.32786885245901637,40,0.3305785123966942
2026-02-10,Quantitative Finance,40,0.32786885245901637,40,0.3305785123966942
2026-02-11,Quantitative Finance,42,0.3442622950819672,42,0.34710743801652894
2026-02-12,Quantitative Finance,45,0.36885245901639346,45,0.371900826446281
2026-02-13,Quantitative Finance,45,0.36885245901639346,45,0.371900826446281
2026-02-14,Quantitative Finance,45,0.36885245901639346,45,0.371900826446281
2026-02-15,Quantitative Finance,45,0.36885245901639346,45,0.371900826446281
2026-02-16,Quantitative Finance,46,0.3770491803278688,46,0.38016528925619836
2026-02-17,Quantitative Finance,47,0.38524590163934425,47,0.3884297520661157
2026-02-18,Quantitative Finance,48,0.39344262295081966,48,0.39669421487603307
2026-02-19,Quantitative Finance,51,0.4180327868852459,50,0.4132231404958678
2026-02-20,Quantitative Finance,55,0.45081967213114754,54,0.4462809917355372
2026-02-21,Quantitative Finance,55,0.45081967213114754,54,0.4462809917355372
2026-02-22,Quantitative Finance,55,0.45081967213114754,54,0.4462809917355372
2026-02-23,Quantitative Finance,56,0.45901639344262296,55,0.45454545454545453
2026-02-24,Quantitative Finance,62,0.5081967213114754,61,0.5041322314049587
2026-02-25,Quantitative Finance,62,0.5081967213114754,61,0.5041322314049587
2026-02-26,Quantitative Finance,62,0.5081967213114754,61,0.5041322314049587
2026-02-27,Quantitative Finance,64,0.5245901639344263,63,0.5206611570247934
2026-02-28,Quantitative Finance,65,0.5327868852459017,64,0.5289256198347108
2026-03-01,Quantitative Finance,65,0.5327868852459017,64,0.5289256198347108
2026-03-02,Quantitative Finance,66,0.5409836065573771,65,0.5371900826446281
2026-03-03,Quantitative Finance,66,0.5409836065573771,65,0.5371900826446281
2026-03-04,Quantitative Finance,67,0.5491803278688525,66,0.5454545454545454
2026-03-05,Quantitative Finance,74,0.6065573770491803,73,0.6033057851239669
2026-03-06,Quantitative Finance,74,0.6065573770491803,73,0.6033057851239669
2026-03-07,Quantitative Finance,74,0.6065573770491803,73,0.6033057851239669
2026-03-09,Quantitative Finance,76,0.6229508196721312,75,0.6198347107438017
2026-03-10,Quantitative Finance,76,0.6229508196721312,75,0.6198347107438017
2026-03-11,Quantitative Finance,76,0.6229508196721312,75,0.6198347107438017
2026-03-12,Quantitative Finance,79,0.6475409836065574,78,0.6446280991735537
2026-03-13,Quantitative Finance,81,0.6639344262295082,80,0.6611570247933884
2026-03-14,Quantitative Finance,82,0.6721311475409836,81,0.6694214876033058
2026-03-15,Quantitative Finance,82,0.6721311475409836,81,0.6694214876033058
2026-03-16,Quantitative Finance,83,0.680327868852459,82,0.6776859504132231
2026-03-17,Quantitative Finance,84,0.6885245901639344,83,0.6859504132231405
2026-03-18,Quantitative Finance,84,0.6885245901639344,83,0.6859504132231405
2026-03-19,Quantitative Finance,84,0.6885245901639344,83,0.6859504132231405
2026-03-20,Quantitative Finance,85,0.6967213114754098,84,0.6942148760330579
2026-03-21,Quantitative Finance,86,0.7049180327868853,85,0.7024793388429752
2026-03-23,Quantitative Finance,87,0.7131147540983607,86,0.7107438016528925
2026-03-24,Quantitative Finance,88,0.7213114754098361,87,0.71900826446281
2026-03-25,Quantitative Finance,90,0.7377049180327869,89,0.7355371900826446
2026-03-26,Quantitative Finance,90,0.7377049180327869,89,0.7355371900826446
2026-03-27,Quantitative Finance,90,0.7377049180327869,89,0.7355371900826446
2026-03-28,Quantitative Finance,90,0.7377049180327869,89,0.7355371900826446
2026-03-29,Quantitative Finance,90,0.7377049180327869,89,0.7355371900826446
2026-03-30,Quantitative Finance,91,0.7459016393442623,90,0.743801652892562
2026-03-31,Quantitative Finance,91,0.7459016393442623,90,0.743801652892562
2026-04-01,Quantitative Finance,92,0.7540983606557377,91,0.7520661157024794
2026-04-02,Quantitative Finance,92,0.7540983606557377,91,0.7520661157024794
2026-04-03,Quantitative Finance,93,0.7622950819672131,92,0.7603305785123967
2026-04-04,Quantitative Finance,93,0.7622950819672131,92,0.7603305785123967
2026-04-06,Quantitative Finance,93,0.7622950819672131,92,0.7603305785123967
2026-04-07,Quantitative Finance,96,0.7868852459016393,95,0.7851239669421488
2026-04-08,Quantitative Finance,96,0.7868852459016393,95,0.7851239669421488
2026-04-09,Quantitative Finance,98,0.8032786885245902,97,0.8016528925619835
2026-04-10,Quantitative Finance,99,0.8114754098360656,98,0.8099173553719008
2026-04-11,Quantitative Finance,99,0.8114754098360656,98,0.8099173553719008
2026-04-12,Quantitative Finance,99,0.8114754098360656,98,0.8099173553719008
2026-04-13,Quantitative Finance,100,0.819672131147541,99,0.8181818181818182
2026-04-14,Quantitative Finance,100,0.819672131147541,99,0.8181818181818182
2026-04-15,Quantitative Finance,100,0.819672131147541,99,0.8181818181818182
2026-04-16,Quantitative Finance,101,0.8278688524590164,100,0.8264462809917356
2026-04-17,Quantitative Finance,102,0.8360655737704918,101,0.8347107438016529
2026-04-18,Quantitative Finance,102,0.8360655737704918,101,0.8347107438016529
2026-04-19,Quantitative Finance,102,0.8360655737704918,101,0.8347107438016529
2026-04-20,Quantitative Finance,102,0.8360655737704918,101,0.8347107438016529
2026-04-21,Quantitative Finance,103,0.8442622950819673,102,0.8429752066115702
2026-04-22,Quantitative Finance,103,0.8442622950819673,102,0.8429752066115702
2026-04-23,Quantitative Finance,104,0.8524590163934426,103,0.8512396694214877
2026-04-24,Quantitative Finance,104,0.8524590163934426,103,0.8512396694214877
2026-04-25,Quantitative Finance,104,0.8524590163934426,103,0.8512396694214877
2026-04-27,Quantitative Finance,105,0.860655737704918,104,0.859504132231405
2026-04-28,Quantitative Finance,105,0.860655737704918,104,0.859504132231405
2026-04-29,Quantitative Finance,107,0.8770491803278688,106,0.8760330578512396
2026-04-30,Quantitative Finance,107,0.8770491803278688,106,0.8760330578512396
2026-05-01,Quantitative Finance,108,0.8852459016393442,107,0.8842975206611571
2026-05-02,Quantitative Finance,108,0.8852459016393442,107,0.8842975206611571
2026-05-04,Quantitative Finance,108,0.8852459016393442,107,0.8842975206611571
2026-05-05,Quantitative Finance,108,0.8852459016393442,107,0.8842975206611571
2026-05-06,Quantitative Finance,108,0.8852459016393442,107,0.8842975206611571
2026-05-07,Quantitative Finance,109,0.8934426229508197,108,0.8925619834710744
2026-05-08,Quantitative Finance,109,0.8934426229508197,108,0.8925619834710744
2026-05-09,Quantitative Finance,109,0.8934426229508197,108,0.8925619834710744
2026-05-11,Quantitative Finance,111,0.9098360655737705,110,0.9090909090909091
2026-05-12,Quantitative Finance,112,0.9180327868852459,111,0.9173553719008265
2026-05-13,Quantitative Finance,114,0.9344262295081968,113,0.9338842975206612
2026-05-14,Quantitative Finance,114,0.9344262295081968,113,0.9338842975206612
2026-05-15,Quantitative Finance,115,0.9426229508196722,114,0.9421487603305785
2026-05-16,Quantitative Finance,115,0.9426229508196722,114,0.9421487603305785
2026-05-17,Quantitative Finance,115,0.9426229508196722,114,0.9421487603305785
2026-05-18,Quantitative Finance,115,0.9426229508196722,114,0.9421487603305785
2026-05-19,Quantitative Finance,115,0.9426229508196722,114,0.9421487603305785
2026-05-20,Quantitative Finance,116,0.9508196721311475,115,0.9504132231404959
2026-05-21,Quantitative Finance,116,0.9508196721311475,115,0.9504132231404959
2026-05-22,Quantitative Finance,117,0.9590163934426229,116,0.9586776859504132
2026-05-23,Quantitative Finance,117,0.9590163934426229,116,0.9586776859504132
2026-05-24,Quantitative Finance,117,0.9590163934426229,116,0.9586776859504132
2026-05-25,Quantitative Finance,117,0.9590163934426229,116,0.9586776859504132
2026-05-26,Quantitative Finance,118,0.9672131147540983,117,0.9669421487603306
2026-05-27,Quantitative Finance,119,0.9754098360655737,118,0.9752066115702479
2026-05-28,Quantitative Finance,119,0.9754098360655737,118,0.9752066115702479
2026-05-29,Quantitative Finance,119,0.9754098360655737,118,0.9752066115702479
2026-05-30,Quantitative Finance,119,0.9754098360655737,118,0.9752066115702479
2026-05-31,Quantitative Finance,119,0.9754098360655737,118,0.9752066115702479
2026-06-01,Quantitative Finance,120,0.9836065573770492,119,0.9834710743801653
2026-06-02,Quantitative Finance,120,0.9836065573770492,119,0.9834710743801653
2026-06-03,Quantitative Finance,120,0.9836065573770492,119,0.9834710743801653
2026-06-04,Quantitative Finance,120,0.9836065573770492,119,0.9834710743801653
2026-06-05,Quantitative Finance,120,0.9836065573770492,119,0.9834710743801653
2026-06-06,Quantitative Finance,120,0.9836065573770492,119,0.9834710743801653
2026-06-07,Quantitative Finance,120,0.9836065573770492,119,0.9834710743801653
2026-06-08,Quantitative Finance,120,0.9836065573770492,119,0.9834710743801653
2026-06-09,Quantitative Finance,120,0.9836065573770492,119,0.9834710743801653
2026-06-10,Quantitative Finance,120,0.9836065573770492,119,0.9834710743801653
2026-06-11,Quantitative Finance,120,0.9836065573770492,119,0.9834710743801653
2026-06-12,Quantitative Finance,120,0.9836065573770492,119,0.9834710743801653
2026-06-13,Quantitative Finance,120,0.9836065573770492,119,0.9834710743801653
2026-06-15,Quantitative Finance,120,0.9836065573770492,119,0.9834710743801653
2026-06-16,Quantitative Finance,120,0.9836065573770492,119,0.9834710743801653
2026-06-17,Quantitative Finance,121,0.9918032786885246,120,0.9917355371900827
2026-06-18,Quantitative Finance,121,0.9918032786885246,120,0.9917355371900827
2026-06-19,Quantitative Finance,122,1.0,121,1.0
2026-06-21,Quantitative Finance,122,1.0,121,1.0
2026-06-22,Quantitative Finance,122,1.0,121,1.0
2026-06-23,Quantitative Finance,122,1.0,121,1.0
2026-06-24,Quantitative Finance,122,1.0,121,1.0
2026-06-25,Quantitative Finance,122,1.0,121,1.0
2026-06-26,Quantitative Finance,122,1.0,121,1.0
2026-06-27,Quantitative Finance,122,1.0,121,1.0
2025-12-01,Hardware Engineering,4,0.0027548209366391185,4,0.0027548209366391185
2025-12-02,Hardware Engineering,8,0.005509641873278237,8,0.005509641873278237
2025-12-03,Hardware Engineering,14,0.009641873278236915,14,0.009641873278236915
2025-12-04,Hardware Engineering,17,0.011707988980716254,17,0.011707988980716254
2025-12-05,Hardware Engineering,22,0.015151515151515152,22,0.015151515151515152
2025-12-06,Hardware Engineering,23,0.01584022038567493,23,0.01584022038567493
2025-12-07,Hardware Engineering,25,0.01721763085399449,25,0.01721763085399449
2025-12-08,Hardware Engineering,30,0.02066115702479339,30,0.02066115702479339
2025-12-09,Hardware Engineering,33,0.022727272727272728,33,0.022727272727272728
2025-12-10,Hardware Engineering,50,0.03443526170798898,50,0.03443526170798898
2025-12-11,Hardware Engineering,54,0.0371900826446281,54,0.0371900826446281
2025-12-12,Hardware Engineering,64,0.0440771349862259,64,0.0440771349862259
2025-12-13,Hardware Engineering,77,0.05303030303030303,77,0.05303030303030303
2025-12-14,Hardware Engineering,77,0.05303030303030303,77,0.05303030303030303
2025-12-15,Hardware Engineering,84,0.05785123966942149,84,0.05785123966942149
2025-12-16,Hardware Engineering,92,0.06336088154269973,92,0.06336088154269973
2025-12-17,Hardware Engineering,98,0.0674931129476584,98,0.0674931129476584
2025-12-18,Hardware Engineering,99,0.06818181818181818,99,0.06818181818181818
2025-12-19,Hardware Engineering,113,0.07782369146005509,113,0.07782369146005509
2025-12-20,Hardware Engineering,115,0.07920110192837465,115,0.07920110192837465
2025-12-22,Hardware Engineering,118,0.081267217630854,118,0.081267217630854
2025-12-23,Hardware Engineering,123,0.08471074380165289,123,0.08471074380165289
2025-12-24,Hardware Engineering,124,0.08539944903581267,124,0.08539944903581267
2025-12-25,Hardware Engineering,126,0.08677685950413223,126,0.08677685950413223
2025-12-26,Hardware Engineering,126,0.08677685950413223,126,0.08677685950413223
2025-12-27,Hardware Engineering,127,0.087465564738292,127,0.087465564738292
2025-12-29,Hardware Engineering,128,0.0881542699724518,128,0.0881542699724518
2025-12-30,Hardware Engineering,130,0.08953168044077135,130,0.08953168044077135
2025-12-31,Hardware Engineering,135,0.09297520661157024,135,0.09297520661157024
2026-01-01,Hardware Engineering,142,0.09779614325068871,142,0.09779614325068871
2026-01-02,Hardware Engineering,144,0.09917355371900827,144,0.09917355371900827
2026-01-05,Hardware Engineering,148,0.10192837465564739,148,0.10192837465564739
2026-01-06,Hardware Engineering,157,0.1081267217630854,157,0.1081267217630854
2026-01-07,Hardware Engineering,163,0.11225895316804407,163,0.11225895316804407
2026-01-08,Hardware Engineering,164,0.11294765840220386,164,0.11294765840220386
2026-01-09,Hardware Engineering,172,0.1184573002754821,172,0.1184573002754821
2026-01-10,Hardware Engineering,174,0.11983471074380166,174,0.11983471074380166
2026-01-11,Hardware Engineering,174,0.11983471074380166,174,0.11983471074380166
2026-01-12,Hardware Engineering,182,0.12534435261707988,182,0.12534435261707988
2026-01-13,Hardware Engineering,189,0.13016528925619836,189,0.13016528925619836
2026-01-14,Hardware Engineering,193,0.13292011019283748,193,0.13292011019283748
2026-01-15,Hardware Engineering,202,0.13911845730027547,202,0.13911845730027547
2026-01-16,Hardware Engineering,213,0.14669421487603307,213,0.14669421487603307
2026-01-17,Hardware Engineering,215,0.14807162534435261,215,0.14807162534435261
2026-01-18,Hardware Engineering,215,0.14807162534435261,215,0.14807162534435261
2026-01-19,Hardware Engineering,217,0.1494490358126722,217,0.1494490358126722
2026-01-20,Hardware Engineering,218,0.15013774104683195,218,0.15013774104683195
2026-01-21,Hardware Engineering,236,0.162534435261708,236,0.162534435261708
2026-01-22,Hardware Engineering,241,0.1659779614325069,241,0.1659779614325069
2026-01-23,Hardware Engineering,250,0.1721763085399449,250,0.1721763085399449
2026-01-24,Hardware Engineering,251,0.17286501377410468,251,0.17286501377410468
2026-01-25,Hardware Engineering,252,0.17355371900826447,252,0.17355371900826447
2026-01-26,Hardware Engineering,261,0.1797520661157025,261,0.1797520661157025
2026-01-27,Hardware Engineering,268,0.18457300275482094,268,0.18457300275482094
2026-01-28,Hardware Engineering,280,0.1928374655647383,280,0.1928374655647383
2026-01-29,Hardware Engineering,286,0.19696969696969696,286,0.19696969696969696
2026-01-30,Hardware Engineering,303,0.20867768595041322,303,0.20867768595041322
2026-01-31,Hardware Engineering,308,0.21212121212121213,308,0.21212121212121213
2026-02-01,Hardware Engineering,310,0.21349862258953167,310,0.21349862258953167
2026-02-02,Hardware Engineering,329,0.2265840220385675,329,0.2265840220385675
2026-02-03,Hardware Engineering,351,0.24173553719008264,351,0.24173553719008264
2026-02-04,Hardware Engineering,360,0.24793388429752067,360,0.24793388429752067
2026-02-05,Hardware Engineering,374,0.25757575757575757,374,0.25757575757575757
2026-02-06,Hardware Engineering,390,0.26859504132231404,390,0.26859504132231404
2026-02-07,Hardware Engineering,398,0.2741046831955923,398,0.2741046831955923
2026-02-08,Hardware Engineering,398,0.2741046831955923,398,0.2741046831955923
2026-02-09,Hardware Engineering,409,0.28168044077134985,409,0.28168044077134985
2026-02-10,Hardware Engineering,420,0.2892561983471074,420,0.2892561983471074
2026-02-11,Hardware Engineering,432,0.2975206611570248,432,0.2975206611570248
2026-02-12,Hardware Engineering,439,0.3023415977961432,439,0.3023415977961432
2026-02-13,Hardware Engineering,459,0.31611570247933884,459,0.31611570247933884
2026-02-14,Hardware Engineering,464,0.31955922865013775,464,0.31955922865013775
2026-02-15,Hardware Engineering,464,0.31955922865013775,464,0.31955922865013775
2026-02-16,Hardware Engineering,478,0.32920110192837465,478,0.32920110192837465
2026-02-17,Hardware Engineering,492,0.33884297520661155,492,0.33884297520661155
2026-02-18,Hardware Engineering,515,0.3546831955922865,515,0.3546831955922865
2026-02-19,Hardware Engineering,531,0.365702479338843,531,0.365702479338843
2026-02-20,Hardware Engineering,547,0.37672176308539945,547,0.37672176308539945
2026-02-21,Hardware Engineering,559,0.3849862258953168,559,0.3849862258953168
2026-02-22,Hardware Engineering,561,0.38636363636363635,561,0.38636363636363635
2026-02-23,Hardware Engineering,572,0.3939393939393939,572,0.3939393939393939
2026-02-24,Hardware Engineering,587,0.40426997245179064,587,0.40426997245179064
2026-02-25,Hardware Engineering,597,0.41115702479338845,597,0.41115702479338845
2026-02-26,Hardware Engineering,611,0.42079889807162535,611,0.42079889807162535
2026-02-27,Hardware Engineering,632,0.43526170798898073,632,0.43526170798898073
2026-02-28,Hardware Engineering,638,0.4393939393939394,638,0.4393939393939394
2026-03-01,Hardware Engineering,638,0.4393939393939394,638,0.4393939393939394
2026-03-02,Hardware Engineering,647,0.4455922865013774,647,0.4455922865013774
2026-03-03,Hardware Engineering,662,0.4559228650137741,662,0.4559228650137741
2026-03-04,Hardware Engineering,679,0.46763085399449034,679,0.46763085399449034
2026-03-05,Hardware Engineering,709,0.48829201101928377,709,0.48829201101928377
2026-03-06,Hardware Engineering,720,0.49586776859504134,720,0.49586776859504134
2026-03-07,Hardware Engineering,722,0.4972451790633609,722,0.4972451790633609
2026-03-09,Hardware Engineering,734,0.5055096418732782,734,0.5055096418732782
2026-03-10,Hardware Engineering,753,0.518595041322314,753,0.518595041322314
2026-03-11,Hardware Engineering,777,0.5351239669421488,777,0.5351239669421488
2026-03-12,Hardware Engineering,803,0.553030303030303,803,0.553030303030303
2026-03-13,Hardware Engineering,818,0.5633608815426997,818,0.5633608815426997
2026-03-14,Hardware Engineering,836,0.5757575757575758,836,0.5757575757575758
2026-03-15,Hardware Engineering,836,0.5757575757575758,836,0.5757575757575758
2026-03-16,Hardware Engineering,855,0.5888429752066116,855,0.5888429752066116
2026-03-17,Hardware Engineering,877,0.6039944903581267,877,0.6039944903581267
2026-03-18,Hardware Engineering,889,0.6122589531680441,889,0.6122589531680441
2026-03-19,Hardware Engineering,903,0.621900826446281,903,0.621900826446281
2026-03-20,Hardware Engineering,909,0.6260330578512396,909,0.6260330578512396
2026-03-21,Hardware Engineering,913,0.6287878787878788,913,0.6287878787878788
2026-03-23,Hardware Engineering,932,0.6418732782369146,932,0.6418732782369146
2026-03-24,Hardware Engineering,944,0.650137741046832,944,0.650137741046832
2026-03-25,Hardware Engineering,950,0.6542699724517906,950,0.6542699724517906
2026-03-26,Hardware Engineering,967,0.6659779614325069,967,0.6659779614325069
2026-03-27,Hardware Engineering,982,0.6763085399449036,982,0.6763085399449036
2026-03-28,Hardware Engineering,985,0.678374655647383,985,0.678374655647383
2026-03-29,Hardware Engineering,986,0.6790633608815427,986,0.6790633608815427
2026-03-30,Hardware Engineering,996,0.6859504132231405,996,0.6859504132231405
2026-03-31,Hardware Engineering,1007,0.6935261707988981,1007,0.6935261707988981
2026-04-01,Hardware Engineering,1020,0.7024793388429752,1020,0.7024793388429752
2026-04-02,Hardware Engineering,1030,0.709366391184573,1030,0.709366391184573
2026-04-03,Hardware Engineering,1039,0.7155647382920111,1039,0.7155647382920111
2026-04-04,Hardware Engineering,1051,0.7238292011019284,1051,0.7238292011019284
2026-04-06,Hardware Engineering,1061,0.7307162534435262,1061,0.7307162534435262
2026-04-07,Hardware Engineering,1078,0.7424242424242424,1078,0.7424242424242424
2026-04-08,Hardware Engineering,1093,0.7527548209366391,1093,0.7527548209366391
2026-04-09,Hardware Engineering,1103,0.759641873278237,1103,0.759641873278237
2026-04-10,Hardware Engineering,1116,0.768595041322314,1116,0.768595041322314
2026-04-11,Hardware Engineering,1121,0.772038567493113,1121,0.772038567493113
2026-04-12,Hardware Engineering,1123,0.7734159779614325,1123,0.7734159779614325
2026-04-13,Hardware Engineering,1132,0.7796143250688705,1132,0.7796143250688705
2026-04-14,Hardware Engineering,1142,0.7865013774104683,1142,0.7865013774104683
2026-04-15,Hardware Engineering,1149,0.7913223140495868,1149,0.7913223140495868
2026-04-16,Hardware Engineering,1156,0.7961432506887053,1156,0.7961432506887053
2026-04-17,Hardware Engineering,1168,0.8044077134986226,1168,0.8044077134986226
2026-04-18,Hardware Engineering,1184,0.8154269972451791,1184,0.8154269972451791
2026-04-19,Hardware Engineering,1184,0.8154269972451791,1184,0.8154269972451791
2026-04-20,Hardware Engineering,1199,0.8257575757575758,1199,0.8257575757575758
2026-04-21,Hardware Engineering,1208,0.8319559228650137,1208,0.8319559228650137
2026-04-22,Hardware Engineering,1218,0.8388429752066116,1218,0.8388429752066116
2026-04-23,Hardware Engineering,1227,0.8450413223140496,1227,0.8450413223140496
2026-04-24,Hardware Engineering,1232,0.8484848484848485,1232,0.8484848484848485
2026-04-25,Hardware Engineering,1232,0.8484848484848485,1232,0.8484848484848485
2026-04-27,Hardware Engineering,1238,0.8526170798898072,1238,0.8526170798898072
2026-04-28,Hardware Engineering,1249,0.8601928374655647,1249,0.8601928374655647
2026-04-29,Hardware Engineering,1260,0.8677685950413223,1260,0.8677685950413223
2026-04-30,Hardware Engineering,1265,0.8712121212121212,1265,0.8712121212121212
2026-05-01,Hardware Engineering,1267,0.8725895316804407,1267,0.8725895316804407
2026-05-02,Hardware Engineering,1269,0.8739669421487604,1269,0.8739669421487604
2026-05-04,Hardware Engineering,1274,0.8774104683195593,1274,0.8774104683195593
2026-05-05,Hardware Engineering,1283,0.8836088154269972,1283,0.8836088154269972
2026-05-06,Hardware Engineering,1296,0.8925619834710744,1296,0.8925619834710744
2026-05-07,Hardware Engineering,1300,0.8953168044077136,1300,0.8953168044077136
2026-05-08,Hardware Engineering,1307,0.900137741046832,1307,0.900137741046832
2026-05-09,Hardware Engineering,1311,0.9028925619834711,1311,0.9028925619834711
2026-05-11,Hardware Engineering,1320,0.9090909090909091,1320,0.9090909090909091
2026-05-12,Hardware Engineering,1324,0.9118457300275482,1324,0.9118457300275482
2026-05-13,Hardware Engineering,1328,0.9146005509641874,1328,0.9146005509641874
2026-05-14,Hardware Engineering,1334,0.918732782369146,1334,0.918732782369146
2026-05-15,Hardware Engineering,1339,0.9221763085399449,1339,0.9221763085399449
2026-05-16,Hardware Engineering,1341,0.9235537190082644,1341,0.9235537190082644
2026-05-17,Hardware Engineering,1341,0.9235537190082644,1341,0.9235537190082644
2026-05-18,Hardware Engineering,1344,0.9256198347107438,1344,0.9256198347107438
2026-05-19,Hardware Engineering,1352,0.931129476584022,1352,0.931129476584022
2026-05-20,Hardware Engineering,1356,0.9338842975206612,1356,0.9338842975206612
2026-05-21,Hardware Engineering,1362,0.9380165289256198,1362,0.9380165289256198
2026-05-22,Hardware Engineering,1376,0.9476584022038568,1376,0.9476584022038568
2026-05-23,Hardware Engineering,1381,0.9511019283746557,1381,0.9511019283746557
2026-05-24,Hardware Engineering,1381,0.9511019283746557,1381,0.9511019283746557
2026-05-25,Hardware Engineering,1382,0.9517906336088154,1382,0.9517906336088154
2026-05-26,Hardware Engineering,1386,0.9545454545454546,1386,0.9545454545454546
2026-05-27,Hardware Engineering,1389,0.9566115702479339,1389,0.9566115702479339
2026-05-28,Hardware Engineering,1392,0.9586776859504132,1392,0.9586776859504132
2026-05-29,Hardware Engineering,1392,0.9586776859504132,1392,0.9586776859504132
2026-05-30,Hardware Engineering,1393,0.959366391184573,1393,0.959366391184573
2026-05-31,Hardware Engineering,1393,0.959366391184573,1393,0.959366391184573
2026-06-01,Hardware Engineering,1394,0.9600550964187328,1394,0.9600550964187328
2026-06-02,Hardware Engineering,1400,0.9641873278236914,1400,0.9641873278236914
2026-06-03,Hardware Engineering,1403,0.9662534435261708,1403,0.9662534435261708
2026-06-04,Hardware Engineering,1408,0.9696969696969697,1408,0.9696969696969697
2026-06-05,Hardware Engineering,1409,0.9703856749311295,1409,0.9703856749311295
2026-06-06,Hardware Engineering,1410,0.9710743801652892,1410,0.9710743801652892
2026-06-07,Hardware Engineering,1413,0.9731404958677686,1413,0.9731404958677686
2026-06-08,Hardware Engineering,1418,0.9765840220385675,1418,0.9765840220385675
2026-06-09,Hardware Engineering,1420,0.977961432506887,1420,0.977961432506887
2026-06-10,Hardware Engineering,1421,0.9786501377410468,1421,0.9786501377410468
2026-06-11,Hardware Engineering,1423,0.9800275482093664,1423,0.9800275482093664
2026-06-12,Hardware Engineering,1425,0.981404958677686,1425,0.981404958677686
2026-06-13,Hardware Engineering,1431,0.9855371900826446,1431,0.9855371900826446
2026-06-15,Hardware Engineering,1431,0.9855371900826446,1431,0.9855371900826446
2026-06-16,Hardware Engineering,1434,0.987603305785124,1434,0.987603305785124
2026-06-17,Hardware Engineering,1438,0.990358126721763,1438,0.990358126721763
2026-06-18,Hardware Engineering,1441,0.9924242424242424,1441,0.9924242424242424
2026-06-19,Hardware Engineering,1443,0.993801652892562,1443,0.993801652892562
2026-06-21,Hardware Engineering,1443,0.993801652892562,1443,0.993801652892562
2026-06-22,Hardware Engineering,1443,0.993801652892562,1443,0.993801652892562
2026-06-23,Hardware Engineering,1448,0.9972451790633609,1448,0.9972451790633609
2026-06-24,Hardware Engineering,1449,0.9979338842975206,1449,0.9979338842975206
2026-06-25,Hardware Engineering,1450,0.9986225895316805,1450,0.9986225895316805
2026-06-26,Hardware Engineering,1451,0.9993112947658402,1451,0.9993112947658402
2026-06-27,Hardware Engineering,1452,1.0,1452,1.0
