record_date,record_fiscal_year,record_fiscal_quarter,record_calendar_year,record_calendar_quarter,security_type_desc,security_desc,avg_interest_rate_amt,record_calendar_day,record_calendar_month,src_line_nbr
2020-09-30,2020,4,2020,3,Marketable,Treasury Bills,0.179,30,09,1
2020-09-30,2020,4,2020,3,Marketable,Treasury Notes,1.858,30,09,2
2020-09-30,2020,4,2020,3,Marketable,Treasury Bonds,3.490,30,09,3
2020-09-30,2020,4,2020,3,Marketable,Treasury Inflation-Protected Securities (TIPS),0.677,30,09,4
2020-09-30,2020,4,2020,3,Marketable,Federal Financing Bank,2.644,30,09,6
2020-09-30,2020,4,2020,3,Marketable,Total Marketable,1.635,30,09,7
2020-09-30,2020,4,2020,3,Non-marketable,Domestic Series,8.044,30,09,8
2020-09-30,2020,4,2020,3,Non-marketable,Special Purpose Vehicle,0.070,30,09,9
2020-09-30,2020,4,2020,3,Non-marketable,Foreign Series,7.312,30,09,10
2020-09-30,2020,4,2020,3,Non-marketable,State and Local Government Series,1.151,30,09,11
2020-09-30,2020,4,2020,3,Non-marketable,United States Savings Securities,2.847,30,09,12
2020-09-30,2020,4,2020,3,Non-marketable,United States Savings Inflation Securities,3.041,30,09,13
2020-09-30,2020,4,2020,3,Non-marketable,Government Account Series,2.256,30,09,14
2020-09-30,2020,4,2020,3,Non-marketable,Government Account Series Inflation Securities,1.257,30,09,15
2020-09-30,2020,4,2020,3,Non-marketable,Total Non-marketable,2.221,30,09,16
2020-09-30,2020,4,2020,3,Interest-bearing Debt,Total Interest-bearing Debt,1.772,30,09,17
2020-09-30,2020,4,2020,3,Marketable,Treasury Floating Rate Notes (FRN),0.261,30,09,5
2020-10-31,2021,1,2020,4,Marketable,Treasury Notes,1.844,31,10,2
2020-10-31,2021,1,2020,4,Marketable,Treasury Bonds,3.474,31,10,3
2020-10-31,2021,1,2020,4,Marketable,Treasury Inflation-Protected Securities (TIPS),0.653,31,10,4
2020-10-31,2021,1,2020,4,Marketable,Federal Financing Bank,2.644,31,10,6
2020-10-31,2021,1,2020,4,Marketable,Total Marketable,1.625,31,10,7
2020-10-31,2021,1,2020,4,Non-marketable,Domestic Series,7.848,31,10,8
2020-10-31,2021,1,2020,4,Non-marketable,Special Purpose Vehicle,0.070,31,10,9
2020-10-31,2021,1,2020,4,Non-marketable,Foreign Series,7.312,31,10,10
2020-10-31,2021,1,2020,4,Non-marketable,State and Local Government Series,1.028,31,10,11
2020-10-31,2021,1,2020,4,Non-marketable,United States Savings Securities,2.816,31,10,12
2020-10-31,2021,1,2020,4,Non-marketable,United States Savings Inflation Securities,2.803,31,10,13
2020-10-31,2021,1,2020,4,Non-marketable,Government Account Series,2.243,31,10,14
2020-10-31,2021,1,2020,4,Non-marketable,Government Account Series Inflation Securities,1.105,31,10,15
2020-10-31,2021,1,2020,4,Non-marketable,Total Non-marketable,2.199,31,10,16
2020-10-31,2021,1,2020,4,Interest-bearing Debt,Total Interest-bearing Debt,1.761,31,10,17
2020-10-31,2021,1,2020,4,Marketable,Treasury Floating Rate Notes (FRN),0.261,31,10,5
2020-10-31,2021,1,2020,4,Marketable,Treasury Bills,0.161,31,10,1
2020-11-30,2021,1,2020,4,Marketable,Treasury Bills,0.146,30,11,1
2020-11-30,2021,1,2020,4,Marketable,Treasury Notes,1.769,30,11,2
2020-11-30,2021,1,2020,4,Marketable,Treasury Bonds,3.411,30,11,3
2020-11-30,2021,1,2020,4,Marketable,Treasury Inflation-Protected Securities (TIPS),0.639,30,11,4
2020-11-30,2021,1,2020,4,Marketable,Federal Financing Bank,2.644,30,11,6
2020-11-30,2021,1,2020,4,Marketable,Total Marketable,1.583,30,11,7
2020-11-30,2021,1,2020,4,Non-marketable,Domestic Series,7.848,30,11,8
2020-11-30,2021,1,2020,4,Non-marketable,Special Purpose Vehicle,0.060,30,11,9
2020-11-30,2021,1,2020,4,Non-marketable,Foreign Series,7.312,30,11,10
2020-11-30,2021,1,2020,4,Non-marketable,State and Local Government Series,0.988,30,11,11
2020-11-30,2021,1,2020,4,Non-marketable,United States Savings Securities,2.765,30,11,12
2020-11-30,2021,1,2020,4,Non-marketable,United States Savings Inflation Securities,2.892,30,11,13
2020-11-30,2021,1,2020,4,Non-marketable,Government Account Series,2.224,30,11,14
2020-11-30,2021,1,2020,4,Non-marketable,Government Account Series Inflation Securities,1.105,30,11,15
2020-11-30,2021,1,2020,4,Non-marketable,Total Non-marketable,2.179,30,11,16
2020-11-30,2021,1,2020,4,Interest-bearing Debt,Total Interest-bearing Debt,1.723,30,11,17
2020-11-30,2021,1,2020,4,Marketable,Treasury Floating Rate Notes (FRN),0.239,30,11,5
2020-12-31,2021,1,2020,4,Marketable,Treasury Bills,0.121,31,12,1
2020-12-31,2021,1,2020,4,Marketable,Treasury Notes,1.728,31,12,2
2020-12-31,2021,1,2020,4,Marketable,Treasury Bonds,3.377,31,12,3
2020-12-31,2021,1,2020,4,Marketable,Treasury Inflation-Protected Securities (TIPS),0.613,31,12,4
2020-12-31,2021,1,2020,4,Marketable,Federal Financing Bank,2.644,31,12,6
2020-12-31,2021,1,2020,4,Marketable,Total Marketable,1.552,31,12,7
2020-12-31,2021,1,2020,4,Non-marketable,Domestic Series,7.848,31,12,8
2020-12-31,2021,1,2020,4,Non-marketable,Special Purpose Vehicle,0.060,31,12,9
2020-12-31,2021,1,2020,4,Non-marketable,Foreign Series,7.312,31,12,10
2020-12-31,2021,1,2020,4,Non-marketable,State and Local Government Series,0.965,31,12,11
2020-12-31,2021,1,2020,4,Non-marketable,United States Savings Securities,2.703,31,12,12
2020-12-31,2021,1,2020,4,Non-marketable,United States Savings Inflation Securities,2.985,31,12,13
2020-12-31,2021,1,2020,4,Non-marketable,Government Account Series,2.210,31,12,14
2020-12-31,2021,1,2020,4,Non-marketable,Government Account Series Inflation Securities,1.105,31,12,15
2020-12-31,2021,1,2020,4,Non-marketable,Total Non-marketable,2.165,31,12,16
2020-12-31,2021,1,2020,4,Interest-bearing Debt,Total Interest-bearing Debt,1.695,31,12,17
2020-12-31,2021,1,2020,4,Marketable,Treasury Floating Rate Notes (FRN),0.220,31,12,5
2021-01-31,2021,2,2021,1,Marketable,Treasury Bills,0.109,31,01,1
2021-01-31,2021,2,2021,1,Marketable,Treasury Notes,1.713,31,01,2
2021-01-31,2021,2,2021,1,Marketable,Treasury Bonds,3.364,31,01,3
2021-01-31,2021,2,2021,1,Marketable,Treasury Inflation-Protected Securities (TIPS),0.585,31,01,4
2021-01-31,2021,2,2021,1,Marketable,Federal Financing Bank,2.644,31,01,6
2021-01-31,2021,2,2021,1,Marketable,Total Marketable,1.541,31,01,7
2021-01-31,2021,2,2021,1,Non-marketable,Domestic Series,7.577,31,01,8
2021-01-31,2021,2,2021,1,Non-marketable,Special Purpose Vehicle,0.050,31,01,9
2021-01-31,2021,2,2021,1,Non-marketable,Foreign Series,7.312,31,01,10
2021-01-31,2021,2,2021,1,Non-marketable,State and Local Government Series,0.950,31,01,11
2021-01-31,2021,2,2021,1,Non-marketable,United States Savings Securities,2.646,31,01,12
2021-01-31,2021,2,2021,1,Non-marketable,United States Savings Inflation Securities,3.105,31,01,13
2021-01-31,2021,2,2021,1,Non-marketable,Government Account Series,2.201,31,01,14
2021-01-31,2021,2,2021,1,Non-marketable,Government Account Series Inflation Securities,1.105,31,01,15
2021-01-31,2021,2,2021,1,Non-marketable,Total Non-marketable,2.170,31,01,16
2021-01-31,2021,2,2021,1,Interest-bearing Debt,Total Interest-bearing Debt,1.687,31,01,17
2021-01-31,2021,2,2021,1,Marketable,Treasury Floating Rate Notes (FRN),0.229,31,01,5
2021-02-28,2021,2,2021,1,Marketable,Treasury Bills,0.090,28,02,1
2021-02-28,2021,2,2021,1,Marketable,Treasury Notes,1.661,28,02,2
2021-02-28,2021,2,2021,1,Marketable,Treasury Bonds,3.315,28,02,3
2021-02-28,2021,2,2021,1,Marketable,Treasury Inflation-Protected Securities (TIPS),0.581,28,02,4
2021-02-28,2021,2,2021,1,Marketable,Federal Financing Bank,2.644,28,02,6
2021-02-28,2021,2,2021,1,Marketable,Total Marketable,1.512,28,02,7
2021-02-28,2021,2,2021,1,Non-marketable,Domestic Series,7.577,28,02,8
2021-02-28,2021,2,2021,1,Non-marketable,Special Purpose Vehicle,0.010,28,02,9
2021-02-28,2021,2,2021,1,Non-marketable,Foreign Series,7.312,28,02,10
2021-02-28,2021,2,2021,1,Non-marketable,State and Local Government Series,0.915,28,02,11
2021-02-28,2021,2,2021,1,Non-marketable,United States Savings Securities,2.598,28,02,12
2021-02-28,2021,2,2021,1,Non-marketable,United States Savings Inflation Securities,3.190,28,02,13
2021-02-28,2021,2,2021,1,Non-marketable,Government Account Series,2.204,28,02,14
2021-02-28,2021,2,2021,1,Non-marketable,Government Account Series Inflation Securities,1.105,28,02,15
2021-02-28,2021,2,2021,1,Non-marketable,Total Non-marketable,2.171,28,02,16
2021-02-28,2021,2,2021,1,Interest-bearing Debt,Total Interest-bearing Debt,1.664,28,02,17
2021-02-28,2021,2,2021,1,Marketable,Treasury Floating Rate Notes (FRN),0.173,28,02,5
2021-03-31,2021,2,2021,1,Marketable,Treasury Notes,1.613,31,03,2
2021-03-31,2021,2,2021,1,Marketable,Treasury Bonds,3.282,31,03,3
2021-03-31,2021,2,2021,1,Marketable,Treasury Inflation-Protected Securities (TIPS),0.569,31,03,4
2021-03-31,2021,2,2021,1,Marketable,Federal Financing Bank,2.644,31,03,6
2021-03-31,2021,2,2021,1,Marketable,Total Marketable,1.499,31,03,7
2021-03-31,2021,2,2021,1,Non-marketable,Domestic Series,7.577,31,03,8
2021-03-31,2021,2,2021,1,Non-marketable,Special Purpose Vehicle,0.010,31,03,9
2021-03-31,2021,2,2021,1,Non-marketable,Foreign Series,7.312,31,03,10
2021-03-31,2021,2,2021,1,Non-marketable,State and Local Government Series,0.871,31,03,11
2021-03-31,2021,2,2021,1,Non-marketable,United States Savings Securities,2.548,31,03,12
2021-03-31,2021,2,2021,1,Non-marketable,United States Savings Inflation Securities,3.269,31,03,13
2021-03-31,2021,2,2021,1,Non-marketable,Government Account Series,2.221,31,03,14
2021-03-31,2021,2,2021,1,Non-marketable,Government Account Series Inflation Securities,1.105,31,03,15
2021-03-31,2021,2,2021,1,Non-marketable,Total Non-marketable,2.185,31,03,16
2021-03-31,2021,2,2021,1,Marketable,Treasury Floating Rate Notes (FRN),0.141,31,03,5
2021-03-31,2021,2,2021,1,Interest-bearing Debt,Total Interest-bearing Debt,1.656,31,03,17
2021-03-31,2021,2,2021,1,Marketable,Treasury Bills,0.076,31,03,1
2021-04-30,2021,3,2021,2,Marketable,Treasury Notes,1.585,30,04,2
2021-04-30,2021,3,2021,2,Marketable,Treasury Bonds,3.264,30,04,3
2021-04-30,2021,3,2021,2,Marketable,Treasury Inflation-Protected Securities (TIPS),0.558,30,04,4
2021-04-30,2021,3,2021,2,Marketable,Federal Financing Bank,2.644,30,04,6
2021-04-30,2021,3,2021,2,Marketable,Total Marketable,1.491,30,04,7
2021-04-30,2021,3,2021,2,Non-marketable,Domestic Series,7.577,30,04,8
2021-04-30,2021,3,2021,2,Non-marketable,Special Purpose Vehicle,0.010,30,04,9
2021-04-30,2021,3,2021,2,Non-marketable,Foreign Series,7.312,30,04,10
2021-04-30,2021,3,2021,2,Non-marketable,State and Local Government Series,0.839,30,04,11
2021-04-30,2021,3,2021,2,Non-marketable,United States Savings Securities,2.493,30,04,12
2021-04-30,2021,3,2021,2,Non-marketable,United States Savings Inflation Securities,3.425,30,04,13
2021-04-30,2021,3,2021,2,Non-marketable,Government Account Series,2.246,30,04,14
2021-04-30,2021,3,2021,2,Marketable,Treasury Floating Rate Notes (FRN),0.138,30,04,5
2021-04-30,2021,3,2021,2,Non-marketable,Government Account Series Inflation Securities,1.106,30,04,15
2021-04-30,2021,3,2021,2,Non-marketable,Total Non-marketable,2.207,30,04,16
2021-04-30,2021,3,2021,2,Interest-bearing Debt,Total Interest-bearing Debt,1.653,30,04,17
2021-04-30,2021,3,2021,2,Marketable,Treasury Bills,0.060,30,04,1
2021-05-31,2021,3,2021,2,Marketable,Treasury Bills,0.049,31,05,1
2021-05-31,2021,3,2021,2,Marketable,Treasury Notes,1.562,31,05,2
2021-05-31,2021,3,2021,2,Marketable,Treasury Bonds,3.236,31,05,3
2021-05-31,2021,3,2021,2,Marketable,Treasury Inflation-Protected Securities (TIPS),0.546,31,05,4
2021-05-31,2021,3,2021,2,Marketable,Federal Financing Bank,2.644,31,05,6
2021-05-31,2021,3,2021,2,Marketable,Treasury Floating Rate Notes (FRN),0.129,31,05,5
2021-05-31,2021,3,2021,2,Marketable,Total Marketable,1.485,31,05,7
2021-05-31,2021,3,2021,2,Non-marketable,Domestic Series,7.577,31,05,8
2021-05-31,2021,3,2021,2,Non-marketable,Special Purpose Vehicle,0.000,31,05,9
2021-05-31,2021,3,2021,2,Non-marketable,Foreign Series,7.312,31,05,10
2021-05-31,2021,3,2021,2,Non-marketable,State and Local Government Series,0.817,31,05,11
2021-05-31,2021,3,2021,2,Non-marketable,United States Savings Securities,2.497,31,05,12
2021-05-31,2021,3,2021,2,Non-marketable,United States Savings Inflation Securities,3.694,31,05,13
2021-05-31,2021,3,2021,2,Non-marketable,Government Account Series,2.230,31,05,14
2021-05-31,2021,3,2021,2,Non-marketable,Government Account Series Inflation Securities,1.106,31,05,15
2021-05-31,2021,3,2021,2,Non-marketable,Total Non-marketable,2.191,31,05,16
2021-05-31,2021,3,2021,2,Interest-bearing Debt,Total Interest-bearing Debt,1.647,31,05,17
2021-06-30,2021,3,2021,2,Marketable,Treasury Bills,0.045,30,06,1
2021-06-30,2021,3,2021,2,Marketable,Treasury Notes,1.524,30,06,2
2021-06-30,2021,3,2021,2,Marketable,Treasury Bonds,3.208,30,06,3
2021-06-30,2021,3,2021,2,Marketable,Treasury Inflation-Protected Securities (TIPS),0.522,30,06,4
2021-06-30,2021,3,2021,2,Marketable,Federal Financing Bank,2.598,30,06,6
2021-06-30,2021,3,2021,2,Marketable,Total Marketable,1.472,30,06,7
2021-06-30,2021,3,2021,2,Non-marketable,Domestic Series,7.577,30,06,8
2021-06-30,2021,3,2021,2,Non-marketable,Special Purpose Vehicle,0.030,30,06,9
2021-06-30,2021,3,2021,2,Non-marketable,Foreign Series,7.312,30,06,10
2021-06-30,2021,3,2021,2,Non-marketable,State and Local Government Series,0.809,30,06,11
2021-06-30,2021,3,2021,2,Non-marketable,United States Savings Securities,2.504,30,06,12
2021-06-30,2021,3,2021,2,Non-marketable,United States Savings Inflation Securities,3.973,30,06,13
2021-06-30,2021,3,2021,2,Non-marketable,Government Account Series,2.105,30,06,14
2021-06-30,2021,3,2021,2,Non-marketable,Government Account Series Inflation Securities,1.106,30,06,15
2021-06-30,2021,3,2021,2,Non-marketable,Total Non-marketable,2.075,30,06,16
2021-06-30,2021,3,2021,2,Interest-bearing Debt,Total Interest-bearing Debt,1.609,30,06,17
2021-06-30,2021,3,2021,2,Marketable,Treasury Floating Rate Notes (FRN),0.155,30,06,5
2021-07-31,2021,4,2021,3,Marketable,Treasury Inflation-Protected Securities (TIPS),0.512,31,07,4
2021-07-31,2021,4,2021,3,Non-marketable,Total Non-marketable,2.081,31,07,16
2021-07-31,2021,4,2021,3,Marketable,Treasury Bills,0.047,31,07,1
2021-07-31,2021,4,2021,3,Marketable,Treasury Notes,1.512,31,07,2
2021-07-31,2021,4,2021,3,Marketable,Treasury Bonds,3.196,31,07,3
2021-07-31,2021,4,2021,3,Marketable,Treasury Floating Rate Notes (FRN),0.145,31,07,5
2021-07-31,2021,4,2021,3,Marketable,Federal Financing Bank,2.598,31,07,6
2021-07-31,2021,4,2021,3,Marketable,Total Marketable,1.476,31,07,7
2021-07-31,2021,4,2021,3,Non-marketable,Domestic Series,7.577,31,07,8
2021-07-31,2021,4,2021,3,Non-marketable,Special Purpose Vehicle,0.030,31,07,9
2021-07-31,2021,4,2021,3,Non-marketable,Foreign Series,7.312,31,07,10
2021-07-31,2021,4,2021,3,Non-marketable,State and Local Government Series,0.724,31,07,11
2021-07-31,2021,4,2021,3,Non-marketable,United States Savings Securities,2.510,31,07,12
2021-07-31,2021,4,2021,3,Non-marketable,United States Savings Inflation Securities,4.334,31,07,13
2021-07-31,2021,4,2021,3,Non-marketable,Government Account Series,2.116,31,07,14
2021-07-31,2021,4,2021,3,Non-marketable,Government Account Series Inflation Securities,1.106,31,07,15
2021-07-31,2021,4,2021,3,Interest-bearing Debt,Total Interest-bearing Debt,1.613,31,07,17
2021-08-31,2021,4,2021,3,Marketable,Treasury Bills,0.051,31,08,1
2021-08-31,2021,4,2021,3,Marketable,Treasury Notes,1.470,31,08,2
2021-08-31,2021,4,2021,3,Marketable,Treasury Bonds,3.145,31,08,3
2021-08-31,2021,4,2021,3,Marketable,Treasury Floating Rate Notes (FRN),0.142,31,08,5
2021-08-31,2021,4,2021,3,Marketable,Federal Financing Bank,2.598,31,08,6
2021-08-31,2021,4,2021,3,Marketable,Total Marketable,1.458,31,08,7
2021-08-31,2021,4,2021,3,Non-marketable,Domestic Series,7.577,31,08,8
2021-08-31,2021,4,2021,3,Non-marketable,Special Purpose Vehicle,0.020,31,08,9
2021-08-31,2021,4,2021,3,Non-marketable,Foreign Series,7.312,31,08,10
2021-08-31,2021,4,2021,3,Non-marketable,State and Local Government Series,0.727,31,08,11
2021-08-31,2021,4,2021,3,Non-marketable,United States Savings Securities,2.514,31,08,12
2021-08-31,2021,4,2021,3,Non-marketable,United States Savings Inflation Securities,4.587,31,08,13
2021-08-31,2021,4,2021,3,Non-marketable,Government Account Series,2.130,31,08,14
2021-08-31,2021,4,2021,3,Marketable,Treasury Inflation-Protected Securities (TIPS),0.507,31,08,4
2021-08-31,2021,4,2021,3,Non-marketable,Government Account Series Inflation Securities,1.106,31,08,15
2021-08-31,2021,4,2021,3,Non-marketable,Total Non-marketable,2.094,31,08,16
2021-08-31,2021,4,2021,3,Interest-bearing Debt,Total Interest-bearing Debt,1.595,31,08,17
2021-09-30,2021,4,2021,3,Marketable,Treasury Bills,0.053,30,09,1
2021-09-30,2021,4,2021,3,Marketable,Treasury Notes,1.450,30,09,2
2021-09-30,2021,4,2021,3,Marketable,Treasury Bonds,3.124,30,09,3
2021-09-30,2021,4,2021,3,Marketable,Treasury Floating Rate Notes (FRN),0.435,30,09,5
2021-09-30,2021,4,2021,3,Marketable,Federal Financing Bank,2.598,30,09,6
2021-09-30,2021,4,2021,3,Marketable,Total Marketable,1.470,30,09,7
2021-09-30,2021,4,2021,3,Non-marketable,Domestic Series,7.577,30,09,8
2021-09-30,2021,4,2021,3,Non-marketable,Special Purpose Vehicle,0.020,30,09,9
2021-09-30,2021,4,2021,3,Non-marketable,Foreign Series,7.312,30,09,10
2021-09-30,2021,4,2021,3,Non-marketable,State and Local Government Series,0.734,30,09,11
2021-09-30,2021,4,2021,3,Non-marketable,United States Savings Securities,2.518,30,09,12
2021-09-30,2021,4,2021,3,Non-marketable,United States Savings Inflation Securities,4.822,30,09,13
2021-09-30,2021,4,2021,3,Non-marketable,Government Account Series,2.123,30,09,14
2021-09-30,2021,4,2021,3,Non-marketable,Government Account Series Inflation Securities,1.106,30,09,15
2021-09-30,2021,4,2021,3,Marketable,Treasury Inflation-Protected Securities (TIPS),0.492,30,09,4
2021-09-30,2021,4,2021,3,Non-marketable,Total Non-marketable,2.092,30,09,16
2021-09-30,2021,4,2021,3,Interest-bearing Debt,Total Interest-bearing Debt,1.605,30,09,17
2021-10-31,2022,1,2021,4,Marketable,Treasury Bills,0.056,31,10,1
2021-10-31,2022,1,2021,4,Marketable,Treasury Notes,1.441,31,10,2
2021-10-31,2022,1,2021,4,Marketable,Treasury Bonds,3.116,31,10,3
2021-10-31,2022,1,2021,4,Non-marketable,United States Savings Securities,2.522,31,10,12
2021-10-31,2022,1,2021,4,Non-marketable,United States Savings Inflation Securities,5.272,31,10,13
2021-10-31,2022,1,2021,4,Non-marketable,Government Account Series,2.104,31,10,14
2021-10-31,2022,1,2021,4,Non-marketable,Government Account Series Inflation Securities,0.988,31,10,15
2021-10-31,2022,1,2021,4,Non-marketable,Total Non-marketable,2.077,31,10,16
2021-10-31,2022,1,2021,4,Interest-bearing Debt,Total Interest-bearing Debt,1.592,31,10,17
2021-10-31,2022,1,2021,4,Marketable,Federal Financing Bank,2.598,31,10,6
2021-10-31,2022,1,2021,4,Marketable,Treasury Inflation-Protected Securities (TIPS),0.465,31,10,4
2021-10-31,2022,1,2021,4,Marketable,Treasury Floating Rate Notes (FRN),0.119,31,10,5
2021-10-31,2022,1,2021,4,Marketable,Total Marketable,1.455,31,10,7
2021-10-31,2022,1,2021,4,Non-marketable,Domestic Series,7.577,31,10,8
2021-10-31,2022,1,2021,4,Non-marketable,Special Purpose Vehicle,0.030,31,10,9
2021-10-31,2022,1,2021,4,Non-marketable,Foreign Series,7.312,31,10,10
2021-10-31,2022,1,2021,4,Non-marketable,State and Local Government Series,0.748,31,10,11
2021-11-30,2022,1,2021,4,Marketable,Treasury Bills,0.061,30,11,1
2021-11-30,2022,1,2021,4,Marketable,Treasury Notes,1.415,30,11,2
2021-11-30,2022,1,2021,4,Marketable,Treasury Bonds,3.043,30,11,3
2021-11-30,2022,1,2021,4,Marketable,Treasury Floating Rate Notes (FRN),0.111,30,11,5
2021-11-30,2022,1,2021,4,Marketable,Federal Financing Bank,2.598,30,11,6
2021-11-30,2022,1,2021,4,Marketable,Total Marketable,1.437,30,11,7
2021-11-30,2022,1,2021,4,Non-marketable,Domestic Series,7.577,30,11,8
2021-11-30,2022,1,2021,4,Non-marketable,Special Purpose Vehicle,0.030,30,11,9
2021-11-30,2022,1,2021,4,Non-marketable,Foreign Series,7.312,30,11,10
2021-11-30,2022,1,2021,4,Non-marketable,State and Local Government Series,0.757,30,11,11
2021-11-30,2022,1,2021,4,Non-marketable,United States Savings Securities,2.525,30,11,12
2021-11-30,2022,1,2021,4,Marketable,Treasury Inflation-Protected Securities (TIPS),0.449,30,11,4
2021-11-30,2022,1,2021,4,Non-marketable,United States Savings Inflation Securities,5.818,30,11,13
2021-11-30,2022,1,2021,4,Non-marketable,Government Account Series,2.127,30,11,14
2021-11-30,2022,1,2021,4,Non-marketable,Government Account Series Inflation Securities,0.988,30,11,15
2021-11-30,2022,1,2021,4,Non-marketable,Total Non-marketable,2.102,30,11,16
2021-11-30,2022,1,2021,4,Interest-bearing Debt,Total Interest-bearing Debt,1.577,30,11,17
2021-12-31,2022,1,2021,4,Marketable,Treasury Bills,0.071,31,12,1
2021-12-31,2022,1,2021,4,Marketable,Treasury Notes,1.401,31,12,2
2021-12-31,2022,1,2021,4,Marketable,Treasury Bonds,3.028,31,12,3
2021-12-31,2022,1,2021,4,Marketable,Treasury Floating Rate Notes (FRN),0.145,31,12,5
2021-12-31,2022,1,2021,4,Marketable,Federal Financing Bank,2.598,31,12,6
2021-12-31,2022,1,2021,4,Marketable,Total Marketable,1.432,31,12,7
2021-12-31,2022,1,2021,4,Non-marketable,Domestic Series,7.577,31,12,8
2021-12-31,2022,1,2021,4,Non-marketable,Special Purpose Vehicle,0.060,31,12,9
2021-12-31,2022,1,2021,4,Non-marketable,Foreign Series,7.312,31,12,10
2021-12-31,2022,1,2021,4,Non-marketable,State and Local Government Series,0.759,31,12,11
2021-12-31,2022,1,2021,4,Marketable,Treasury Inflation-Protected Securities (TIPS),0.426,31,12,4
2021-12-31,2022,1,2021,4,Non-marketable,United States Savings Securities,2.525,31,12,12
2021-12-31,2022,1,2021,4,Non-marketable,United States Savings Inflation Securities,6.400,31,12,13
2021-12-31,2022,1,2021,4,Non-marketable,Government Account Series,2.046,31,12,14
2021-12-31,2022,1,2021,4,Non-marketable,Government Account Series Inflation Securities,0.988,31,12,15
2021-12-31,2022,1,2021,4,Non-marketable,Total Non-marketable,2.026,31,12,16
2021-12-31,2022,1,2021,4,Interest-bearing Debt,Total Interest-bearing Debt,1.565,31,12,17
2022-01-31,2022,2,2022,1,Marketable,Treasury Bills,0.103,31,01,1
2022-01-31,2022,2,2022,1,Marketable,Treasury Notes,1.396,31,01,2
2022-01-31,2022,2,2022,1,Marketable,Treasury Bonds,3.016,31,01,3
2022-01-31,2022,2,2022,1,Marketable,Treasury Inflation-Protected Securities (TIPS),0.433,31,01,4
2022-01-31,2022,2,2022,1,Marketable,Treasury Floating Rate Notes (FRN),0.234,31,01,5
2022-01-31,2022,2,2022,1,Marketable,Federal Financing Bank,2.598,31,01,6
2022-01-31,2022,2,2022,1,Marketable,Total Marketable,1.424,31,01,7
2022-01-31,2022,2,2022,1,Non-marketable,Domestic Series,7.577,31,01,8
2022-01-31,2022,2,2022,1,Non-marketable,Special Purpose Vehicle,0.140,31,01,9
2022-01-31,2022,2,2022,1,Non-marketable,Foreign Series,7.312,31,01,10
2022-01-31,2022,2,2022,1,Non-marketable,State and Local Government Series,0.755,31,01,11
2022-01-31,2022,2,2022,1,Non-marketable,United States Savings Securities,2.512,31,01,12
2022-01-31,2022,2,2022,1,Non-marketable,United States Savings Inflation Securities,7.054,31,01,13
2022-01-31,2022,2,2022,1,Non-marketable,Government Account Series,2.040,31,01,14
2022-01-31,2022,2,2022,1,Non-marketable,Government Account Series Inflation Securities,0.991,31,01,15
2022-01-31,2022,2,2022,1,Non-marketable,Total Non-marketable,2.021,31,01,16
2022-01-31,2022,2,2022,1,Interest-bearing Debt,Total Interest-bearing Debt,1.556,31,01,17
2022-02-28,2022,2,2022,1,Marketable,Treasury Bills,0.185,28,02,1
2022-02-28,2022,2,2022,1,Marketable,Treasury Notes,1.396,28,02,2
2022-02-28,2022,2,2022,1,Marketable,Treasury Bonds,3.005,28,02,3
2022-02-28,2022,2,2022,1,Marketable,Treasury Inflation-Protected Securities (TIPS),0.431,28,02,4
2022-02-28,2022,2,2022,1,Marketable,Treasury Floating Rate Notes (FRN),0.421,28,02,5
2022-02-28,2022,2,2022,1,Marketable,Federal Financing Bank,2.598,28,02,6
2022-02-28,2022,2,2022,1,Marketable,Total Marketable,1.436,28,02,7
2022-02-28,2022,2,2022,1,Non-marketable,Domestic Series,7.577,28,02,8
2022-02-28,2022,2,2022,1,Non-marketable,Special Purpose Vehicle,0.280,28,02,9
2022-02-28,2022,2,2022,1,Non-marketable,Foreign Series,7.312,28,02,10
2022-02-28,2022,2,2022,1,Non-marketable,State and Local Government Series,0.751,28,02,11
2022-02-28,2022,2,2022,1,Non-marketable,United States Savings Securities,2.504,28,02,12
2022-02-28,2022,2,2022,1,Non-marketable,United States Savings Inflation Securities,7.479,28,02,13
2022-02-28,2022,2,2022,1,Non-marketable,Government Account Series,2.058,28,02,14
2022-02-28,2022,2,2022,1,Non-marketable,Government Account Series Inflation Securities,0.991,28,02,15
2022-02-28,2022,2,2022,1,Non-marketable,Total Non-marketable,2.038,28,02,16
2022-02-28,2022,2,2022,1,Interest-bearing Debt,Total Interest-bearing Debt,1.568,28,02,17
2022-03-31,2022,2,2022,1,Marketable,Treasury Bills,0.329,31,03,1
2022-03-31,2022,2,2022,1,Marketable,Treasury Notes,1.411,31,03,2
2022-03-31,2022,2,2022,1,Marketable,Treasury Bonds,2.999,31,03,3
2022-03-31,2022,2,2022,1,Marketable,Treasury Inflation-Protected Securities (TIPS),0.421,31,03,4
2022-03-31,2022,2,2022,1,Marketable,Treasury Floating Rate Notes (FRN),0.642,31,03,5
2022-03-31,2022,2,2022,1,Marketable,Federal Financing Bank,2.598,31,03,6
2022-03-31,2022,2,2022,1,Marketable,Total Marketable,1.482,31,03,7
2022-03-31,2022,2,2022,1,Non-marketable,Domestic Series,7.577,31,03,8
2022-03-31,2022,2,2022,1,Non-marketable,Special Purpose Vehicle,0.459,31,03,9
2022-03-31,2022,2,2022,1,Non-marketable,Foreign Series,7.312,31,03,10
2022-03-31,2022,2,2022,1,Non-marketable,State and Local Government Series,0.759,31,03,11
2022-03-31,2022,2,2022,1,Non-marketable,United States Savings Securities,2.498,31,03,12
2022-03-31,2022,2,2022,1,Non-marketable,United States Savings Inflation Securities,7.859,31,03,13
2022-03-31,2022,2,2022,1,Non-marketable,Government Account Series,2.075,31,03,14
2022-03-31,2022,2,2022,1,Non-marketable,Government Account Series Inflation Securities,0.992,31,03,15
2022-03-31,2022,2,2022,1,Non-marketable,Total Non-marketable,2.053,31,03,16
2022-03-31,2022,2,2022,1,Interest-bearing Debt,Total Interest-bearing Debt,1.608,31,03,17
2022-04-30,2022,3,2022,2,Marketable,Treasury Bills,0.505,30,04,1
2022-04-30,2022,3,2022,2,Marketable,Treasury Notes,1.420,30,04,2
2022-04-30,2022,3,2022,2,Marketable,Treasury Bonds,2.998,30,04,3
2022-04-30,2022,3,2022,2,Marketable,Treasury Inflation-Protected Securities (TIPS),0.421,30,04,4
2022-04-30,2022,3,2022,2,Marketable,Treasury Floating Rate Notes (FRN),0.920,30,04,5
2022-04-30,2022,3,2022,2,Marketable,Federal Financing Bank,2.598,30,04,6
2022-04-30,2022,3,2022,2,Marketable,Total Marketable,1.528,30,04,7
2022-04-30,2022,3,2022,2,Non-marketable,Domestic Series,7.577,30,04,8
2022-04-30,2022,3,2022,2,Non-marketable,Special Purpose Vehicle,0.678,30,04,9
2022-04-30,2022,3,2022,2,Non-marketable,Foreign Series,7.312,30,04,10
2022-04-30,2022,3,2022,2,Non-marketable,State and Local Government Series,0.793,30,04,11
2022-04-30,2022,3,2022,2,Non-marketable,United States Savings Securities,2.492,30,04,12
2022-04-30,2022,3,2022,2,Non-marketable,United States Savings Inflation Securities,8.522,30,04,13
2022-04-30,2022,3,2022,2,Non-marketable,Government Account Series,2.146,30,04,14
2022-04-30,2022,3,2022,2,Non-marketable,Government Account Series Inflation Securities,0.989,30,04,15
2022-04-30,2022,3,2022,2,Non-marketable,Total Non-marketable,2.123,30,04,16
2022-04-30,2022,3,2022,2,Interest-bearing Debt,Total Interest-bearing Debt,1.659,30,04,17
2022-05-31,2022,3,2022,2,Marketable,Treasury Bills,0.728,31,05,1
2022-05-31,2022,3,2022,2,Marketable,Treasury Notes,1.463,31,05,2
2022-05-31,2022,3,2022,2,Marketable,Treasury Bonds,3.000,31,05,3
2022-05-31,2022,3,2022,2,Marketable,Treasury Inflation-Protected Securities (TIPS),0.420,31,05,4
2022-05-31,2022,3,2022,2,Marketable,Treasury Floating Rate Notes (FRN),1.084,31,05,5
2022-05-31,2022,3,2022,2,Marketable,Federal Financing Bank,2.598,31,05,6
2022-05-31,2022,3,2022,2,Marketable,Total Marketable,1.607,31,05,7
2022-05-31,2022,3,2022,2,Non-marketable,Domestic Series,7.577,31,05,8
2022-05-31,2022,3,2022,2,Non-marketable,Special Purpose Vehicle,0.807,31,05,9
2022-05-31,2022,3,2022,2,Non-marketable,Foreign Series,7.312,31,05,10
2022-05-31,2022,3,2022,2,Non-marketable,State and Local Government Series,0.863,31,05,11
2022-05-31,2022,3,2022,2,Non-marketable,United States Savings Securities,2.530,31,05,12
2022-05-31,2022,3,2022,2,Non-marketable,United States Savings Inflation Securities,8.911,31,05,13
2022-05-31,2022,3,2022,2,Non-marketable,Government Account Series,2.202,31,05,14
2022-05-31,2022,3,2022,2,Non-marketable,Government Account Series Inflation Securities,0.989,31,05,15
2022-05-31,2022,3,2022,2,Non-marketable,Total Non-marketable,2.181,31,05,16
2022-05-31,2022,3,2022,2,Interest-bearing Debt,Total Interest-bearing Debt,1.734,31,05,17
2022-06-30,2022,3,2022,2,Marketable,Treasury Bills,1.073,30,06,1
2022-06-30,2022,3,2022,2,Marketable,Treasury Notes,1.492,30,06,2
2022-06-30,2022,3,2022,2,Marketable,Treasury Bonds,3.003,30,06,3
2022-06-30,2022,3,2022,2,Marketable,Treasury Inflation-Protected Securities (TIPS),0.419,30,06,4
2022-06-30,2022,3,2022,2,Marketable,Treasury Floating Rate Notes (FRN),1.774,30,06,5
2022-06-30,2022,3,2022,2,Marketable,Federal Financing Bank,2.529,30,06,6
2022-06-30,2022,3,2022,2,Marketable,Total Marketable,1.693,30,06,7
2022-06-30,2022,3,2022,2,Non-marketable,Domestic Series,7.577,30,06,8
2022-06-30,2022,3,2022,2,Non-marketable,Special Purpose Vehicle,1.341,30,06,9
2022-06-30,2022,3,2022,2,Non-marketable,Foreign Series,7.312,30,06,10
2022-06-30,2022,3,2022,2,Non-marketable,State and Local Government Series,0.999,30,06,11
2022-06-30,2022,3,2022,2,Non-marketable,United States Savings Securities,2.579,30,06,12
2022-06-30,2022,3,2022,2,Non-marketable,United States Savings Inflation Securities,9.315,30,06,13
2022-06-30,2022,3,2022,2,Non-marketable,Government Account Series,2.188,30,06,14
2022-06-30,2022,3,2022,2,Non-marketable,Government Account Series Inflation Securities,0.989,30,06,15
2022-06-30,2022,3,2022,2,Non-marketable,Total Non-marketable,2.173,30,06,16
2022-06-30,2022,3,2022,2,Interest-bearing Debt,Total Interest-bearing Debt,1.800,30,06,17
2022-07-31,2022,4,2022,3,Marketable,Treasury Bills,1.511,31,07,1
2022-07-31,2022,4,2022,3,Marketable,Treasury Notes,1.504,31,07,2
2022-07-31,2022,4,2022,3,Marketable,Treasury Bonds,3.004,31,07,3
2022-07-31,2022,4,2022,3,Marketable,Treasury Inflation-Protected Securities (TIPS),0.456,31,07,4
2022-07-31,2022,4,2022,3,Marketable,Treasury Floating Rate Notes (FRN),2.539,31,07,5
2022-07-31,2022,4,2022,3,Marketable,Federal Financing Bank,2.529,31,07,6
2022-07-31,2022,4,2022,3,Marketable,Total Marketable,1.777,31,07,7
2022-07-31,2022,4,2022,3,Non-marketable,Domestic Series,7.577,31,07,8
2022-07-31,2022,4,2022,3,Non-marketable,Special Purpose Vehicle,1.941,31,07,9
2022-07-31,2022,4,2022,3,Non-marketable,Foreign Series,7.312,31,07,10
2022-07-31,2022,4,2022,3,Non-marketable,State and Local Government Series,1.139,31,07,11
2022-07-31,2022,4,2022,3,Non-marketable,United States Savings Securities,2.612,31,07,12
2022-07-31,2022,4,2022,3,Non-marketable,United States Savings Inflation Securities,9.774,31,07,13
2022-07-31,2022,4,2022,3,Non-marketable,Government Account Series,2.270,31,07,14
2022-07-31,2022,4,2022,3,Non-marketable,Government Account Series Inflation Securities,1.006,31,07,15
2022-07-31,2022,4,2022,3,Non-marketable,Total Non-marketable,2.258,31,07,16
2022-07-31,2022,4,2022,3,Interest-bearing Debt,Total Interest-bearing Debt,1.884,31,07,17
2022-08-31,2022,4,2022,3,Marketable,Treasury Bills,1.971,31,08,1
2022-08-31,2022,4,2022,3,Marketable,Treasury Notes,1.552,31,08,2
2022-08-31,2022,4,2022,3,Marketable,Treasury Bonds,2.997,31,08,3
2022-08-31,2022,4,2022,3,Marketable,Treasury Inflation-Protected Securities (TIPS),0.458,31,08,4
2022-08-31,2022,4,2022,3,Marketable,Treasury Floating Rate Notes (FRN),2.917,31,08,5
2022-08-31,2022,4,2022,3,Marketable,Federal Financing Bank,2.529,31,08,6
2022-08-31,2022,4,2022,3,Marketable,Total Marketable,1.886,31,08,7
2022-08-31,2022,4,2022,3,Non-marketable,Domestic Series,7.577,31,08,8
2022-08-31,2022,4,2022,3,Non-marketable,Special Purpose Vehicle,2.225,31,08,9
2022-08-31,2022,4,2022,3,Non-marketable,Foreign Series,7.312,31,08,10
2022-08-31,2022,4,2022,3,Non-marketable,State and Local Government Series,1.282,31,08,11
2022-08-31,2022,4,2022,3,Non-marketable,United States Savings Securities,2.629,31,08,12
2022-08-31,2022,4,2022,3,Non-marketable,United States Savings Inflation Securities,10.028,31,08,13
2022-08-31,2022,4,2022,3,Non-marketable,Government Account Series,2.282,31,08,14
2022-08-31,2022,4,2022,3,Non-marketable,Government Account Series Inflation Securities,1.006,31,08,15
2022-08-31,2022,4,2022,3,Non-marketable,Total Non-marketable,2.274,31,08,16
2022-08-31,2022,4,2022,3,Interest-bearing Debt,Total Interest-bearing Debt,1.971,31,08,17
2022-09-30,2022,4,2022,3,Marketable,Treasury Bills,2.453,30,09,1
2022-09-30,2022,4,2022,3,Marketable,Treasury Notes,1.590,30,09,2
2022-09-30,2022,4,2022,3,Marketable,Treasury Bonds,3.001,30,09,3
2022-09-30,2022,4,2022,3,Marketable,Treasury Inflation-Protected Securities (TIPS),0.464,30,09,4
2022-09-30,2022,4,2022,3,Marketable,Treasury Floating Rate Notes (FRN),3.309,30,09,5
2022-09-30,2022,4,2022,3,Marketable,Federal Financing Bank,2.529,30,09,6
2022-09-30,2022,4,2022,3,Marketable,Total Marketable,1.994,30,09,7
2022-09-30,2022,4,2022,3,Non-marketable,Domestic Series,7.577,30,09,8
2022-09-30,2022,4,2022,3,Non-marketable,Special Purpose Vehicle,2.528,30,09,9
2022-09-30,2022,4,2022,3,Non-marketable,Foreign Series,7.312,30,09,10
2022-09-30,2022,4,2022,3,Non-marketable,State and Local Government Series,1.508,30,09,11
2022-09-30,2022,4,2022,3,Non-marketable,United States Savings Securities,2.637,30,09,12
2022-09-30,2022,4,2022,3,Non-marketable,United States Savings Inflation Securities,10.251,30,09,13
2022-09-30,2022,4,2022,3,Non-marketable,Government Account Series,2.349,30,09,14
2022-09-30,2022,4,2022,3,Non-marketable,Government Account Series Inflation Securities,1.006,30,09,15
2022-09-30,2022,4,2022,3,Non-marketable,Total Non-marketable,2.342,30,09,16
2022-09-30,2022,4,2022,3,Interest-bearing Debt,Total Interest-bearing Debt,2.070,30,09,17
2022-10-31,2023,1,2022,4,Marketable,Treasury Bills,2.924,31,10,1
2022-10-31,2023,1,2022,4,Marketable,Treasury Notes,1.631,31,10,2
2022-10-31,2023,1,2022,4,Marketable,Treasury Bonds,3.009,31,10,3
2022-10-31,2023,1,2022,4,Marketable,Treasury Inflation-Protected Securities (TIPS),0.478,31,10,4
2022-10-31,2023,1,2022,4,Marketable,Treasury Floating Rate Notes (FRN),4.041,31,10,5
2022-10-31,2023,1,2022,4,Marketable,Federal Financing Bank,2.529,31,10,6
2022-10-31,2023,1,2022,4,Marketable,Total Marketable,2.104,31,10,7
2022-10-31,2023,1,2022,4,Non-marketable,Domestic Series,7.577,31,10,8
2022-10-31,2023,1,2022,4,Non-marketable,Special Purpose Vehicle,3.102,31,10,9
2022-10-31,2023,1,2022,4,Non-marketable,Foreign Series,7.312,31,10,10
2022-10-31,2023,1,2022,4,Non-marketable,State and Local Government Series,1.652,31,10,11
2022-10-31,2023,1,2022,4,Non-marketable,United States Savings Securities,2.621,31,10,12
2022-10-31,2023,1,2022,4,Non-marketable,United States Savings Inflation Securities,7.688,31,10,13
2022-10-31,2023,1,2022,4,Non-marketable,Government Account Series,2.480,31,10,14
2022-10-31,2023,1,2022,4,Non-marketable,Government Account Series Inflation Securities,1.051,31,10,15
2022-10-31,2023,1,2022,4,Non-marketable,Total Non-marketable,2.474,31,10,16
2022-10-31,2023,1,2022,4,Interest-bearing Debt,Total Interest-bearing Debt,2.186,31,10,17
2022-11-30,2023,1,2022,4,Marketable,Treasury Bills,3.456,30,11,1
2022-11-30,2023,1,2022,4,Marketable,Treasury Notes,1.680,30,11,2
2022-11-30,2023,1,2022,4,Marketable,Treasury Bonds,3.012,30,11,3
2022-11-30,2023,1,2022,4,Marketable,Treasury Inflation-Protected Securities (TIPS),0.487,30,11,4
2022-11-30,2023,1,2022,4,Marketable,Treasury Floating Rate Notes (FRN),4.104,30,11,5
2022-11-30,2023,1,2022,4,Marketable,Federal Financing Bank,2.529,30,11,6
2022-11-30,2023,1,2022,4,Marketable,Total Marketable,2.237,30,11,7
2022-11-30,2023,1,2022,4,Non-marketable,Domestic Series,7.577,30,11,8
2022-11-30,2023,1,2022,4,Non-marketable,Special Purpose Vehicle,3.324,30,11,9
2022-11-30,2023,1,2022,4,Non-marketable,Foreign Series,7.312,30,11,10
2022-11-30,2023,1,2022,4,Non-marketable,State and Local Government Series,1.806,30,11,11
2022-11-30,2023,1,2022,4,Non-marketable,United States Savings Securities,2.694,30,11,12
2022-11-30,2023,1,2022,4,Non-marketable,United States Savings Inflation Securities,10.148,30,11,13
2022-11-30,2023,1,2022,4,Non-marketable,Government Account Series,2.127,30,11,14
2022-11-30,2023,1,2022,4,Non-marketable,Government Account Series Inflation Securities,0.988,30,11,15
2022-11-30,2023,1,2022,4,Non-marketable,Total Non-marketable,2.135,30,11,16
2022-11-30,2023,1,2022,4,Interest-bearing Debt,Total Interest-bearing Debt,2.217,30,11,17
2022-12-31,2023,1,2022,4,Marketable,Treasury Bills,3.891,31,12,1
2022-12-31,2023,1,2022,4,Marketable,Treasury Notes,1.697,31,12,2
2022-12-31,2023,1,2022,4,Marketable,Treasury Bonds,3.014,31,12,3
2022-12-31,2023,1,2022,4,Marketable,Treasury Inflation-Protected Securities (TIPS),0.497,31,12,4
2022-12-31,2023,1,2022,4,Marketable,Treasury Floating Rate Notes (FRN),4.405,31,12,5
2022-12-31,2023,1,2022,4,Marketable,Federal Financing Bank,2.529,31,12,6
2022-12-31,2023,1,2022,4,Marketable,Total Marketable,2.320,31,12,7
2022-12-31,2023,1,2022,4,Non-marketable,Domestic Series,7.577,31,12,8
2022-12-31,2023,1,2022,4,Non-marketable,Special Purpose Vehicle,3.382,31,12,9
2022-12-31,2023,1,2022,4,Non-marketable,Foreign Series,7.312,31,12,10
2022-12-31,2023,1,2022,4,Non-marketable,State and Local Government Series,1.923,31,12,11
2022-12-31,2023,1,2022,4,Non-marketable,United States Savings Securities,2.786,31,12,12
2022-12-31,2023,1,2022,4,Non-marketable,United States Savings Inflation Securities,9.621,31,12,13
2022-12-31,2023,1,2022,4,Non-marketable,Government Account Series,2.508,31,12,14
2022-12-31,2023,1,2022,4,Non-marketable,Government Account Series Inflation Securities,1.051,31,12,15
2022-12-31,2023,1,2022,4,Non-marketable,Total Non-marketable,2.508,31,12,16
2022-12-31,2023,1,2022,4,Interest-bearing Debt,Total Interest-bearing Debt,2.362,31,12,17
2023-01-31,2023,2,2023,1,Marketable,Treasury Bills,4.242,31,01,1
2023-01-31,2023,2,2023,1,Marketable,Treasury Notes,1.753,31,01,2
2023-01-31,2023,2,2023,1,Marketable,Treasury Bonds,3.022,31,01,3
2023-01-31,2023,2,2023,1,Marketable,Treasury Inflation-Protected Securities (TIPS),0.532,31,01,4
2023-01-31,2023,2,2023,1,Marketable,Treasury Floating Rate Notes (FRN),4.639,31,01,5
2023-01-31,2023,2,2023,1,Marketable,Federal Financing Bank,2.529,31,01,6
2023-01-31,2023,2,2023,1,Marketable,Total Marketable,2.434,31,01,7
2023-01-31,2023,2,2023,1,Non-marketable,Domestic Series,7.577,31,01,8
2023-01-31,2023,2,2023,1,Non-marketable,Special Purpose Vehicle,3.576,31,01,9
2023-01-31,2023,2,2023,1,Non-marketable,Foreign Series,7.312,31,01,10
2023-01-31,2023,2,2023,1,Non-marketable,State and Local Government Series,2.036,31,01,11
2023-01-31,2023,2,2023,1,Non-marketable,United States Savings Securities,2.834,31,01,12
2023-01-31,2023,2,2023,1,Non-marketable,United States Savings Inflation Securities,8.961,31,01,13
2023-01-31,2023,2,2023,1,Non-marketable,Government Account Series,2.530,31,01,14
2023-01-31,2023,2,2023,1,Non-marketable,Government Account Series Inflation Securities,1.053,31,01,15
2023-01-31,2023,2,2023,1,Non-marketable,Total Non-marketable,2.532,31,01,16
2023-01-31,2023,2,2023,1,Interest-bearing Debt,Total Interest-bearing Debt,2.455,31,01,17
2023-02-28,2023,2,2023,1,Marketable,Treasury Bills,4.475,28,02,1
2023-02-28,2023,2,2023,1,Marketable,Treasury Notes,1.803,28,02,2
2023-02-28,2023,2,2023,1,Marketable,Treasury Bonds,3.015,28,02,3
2023-02-28,2023,2,2023,1,Marketable,Treasury Inflation-Protected Securities (TIPS),0.538,28,02,4
2023-02-28,2023,2,2023,1,Marketable,Treasury Floating Rate Notes (FRN),4.602,28,02,5
2023-02-28,2023,2,2023,1,Marketable,Federal Financing Bank,2.529,28,02,6
2023-02-28,2023,2,2023,1,Marketable,Total Marketable,2.519,28,02,7
2023-02-28,2023,2,2023,1,Non-marketable,Domestic Series,7.577,28,02,8
2023-02-28,2023,2,2023,1,Non-marketable,Special Purpose Vehicle,3.691,28,02,9
2023-02-28,2023,2,2023,1,Non-marketable,Foreign Series,7.312,28,02,10
2023-02-28,2023,2,2023,1,Non-marketable,State and Local Government Series,2.218,28,02,11
2023-02-28,2023,2,2023,1,Non-marketable,United States Savings Securities,2.891,28,02,12
2023-02-28,2023,2,2023,1,Non-marketable,United States Savings Inflation Securities,8.593,28,02,13
2023-02-28,2023,2,2023,1,Non-marketable,Government Account Series,2.505,28,02,14
2023-02-28,2023,2,2023,1,Non-marketable,Government Account Series Inflation Securities,1.054,28,02,15
2023-02-28,2023,2,2023,1,Non-marketable,Total Non-marketable,2.511,28,02,16
2023-02-28,2023,2,2023,1,Interest-bearing Debt,Total Interest-bearing Debt,2.517,28,02,17
2023-03-31,2023,2,2023,1,Marketable,Treasury Bills,4.634,31,03,1
2023-03-31,2023,2,2023,1,Marketable,Treasury Notes,1.844,31,03,2
2023-03-31,2023,2,2023,1,Marketable,Treasury Bonds,3.022,31,03,3
2023-03-31,2023,2,2023,1,Marketable,Treasury Inflation-Protected Securities (TIPS),0.543,31,03,4
2023-03-31,2023,2,2023,1,Marketable,Treasury Floating Rate Notes (FRN),4.747,31,03,5
2023-03-31,2023,2,2023,1,Marketable,Federal Financing Bank,2.529,31,03,6
2023-03-31,2023,2,2023,1,Marketable,Total Marketable,2.576,31,03,7
2023-03-31,2023,2,2023,1,Non-marketable,Domestic Series,7.577,31,03,8
2023-03-31,2023,2,2023,1,Non-marketable,Special Purpose Vehicle,3.643,31,03,9
2023-03-31,2023,2,2023,1,Non-marketable,Foreign Series,0.000,31,03,10
2023-03-31,2023,2,2023,1,Non-marketable,State and Local Government Series,2.285,31,03,11
2023-03-31,2023,2,2023,1,Non-marketable,United States Savings Securities,2.986,31,03,12
2023-03-31,2023,2,2023,1,Non-marketable,United States Savings Inflation Securities,8.248,31,03,13
2023-03-31,2023,2,2023,1,Non-marketable,Government Account Series,2.520,31,03,14
2023-03-31,2023,2,2023,1,Non-marketable,Government Account Series Inflation Securities,1.054,31,03,15
2023-03-31,2023,2,2023,1,Non-marketable,Total Non-marketable,2.528,31,03,16
2023-03-31,2023,2,2023,1,Interest-bearing Debt,Total Interest-bearing Debt,2.566,31,03,17
2023-04-30,2023,3,2023,2,Marketable,Treasury Bills,4.739,30,04,1
2023-04-30,2023,3,2023,2,Marketable,Treasury Notes,1.865,30,04,2
2023-04-30,2023,3,2023,2,Marketable,Treasury Bonds,3.025,30,04,3
2023-04-30,2023,3,2023,2,Marketable,Treasury Inflation-Protected Securities (TIPS),0.544,30,04,4
2023-04-30,2023,3,2023,2,Marketable,Treasury Floating Rate Notes (FRN),5.143,30,04,5
2023-04-30,2023,3,2023,2,Marketable,Federal Financing Bank,2.529,30,04,6
2023-04-30,2023,3,2023,2,Marketable,Total Marketable,2.600,30,04,7
2023-04-30,2023,3,2023,2,Non-marketable,Domestic Series,7.577,30,04,8
2023-04-30,2023,3,2023,2,Non-marketable,Special Purpose Vehicle,3.951,30,04,9
2023-04-30,2023,3,2023,2,Non-marketable,Foreign Series,0.000,30,04,10
2023-04-30,2023,3,2023,2,Non-marketable,State and Local Government Series,2.478,30,04,11
2023-04-30,2023,3,2023,2,Non-marketable,United States Savings Securities,3.094,30,04,12
2023-04-30,2023,3,2023,2,Non-marketable,United States Savings Inflation Securities,7.467,30,04,13
2023-04-30,2023,3,2023,2,Non-marketable,Government Account Series,2.514,30,04,14
2023-04-30,2023,3,2023,2,Non-marketable,Government Account Series Inflation Securities,1.055,30,04,15
2023-04-30,2023,3,2023,2,Non-marketable,Total Non-marketable,2.526,30,04,16
2023-04-30,2023,3,2023,2,Interest-bearing Debt,Total Interest-bearing Debt,2.585,30,04,17
2023-05-31,2023,3,2023,2,Marketable,Treasury Bills,4.991,31,05,1
2023-05-31,2023,3,2023,2,Marketable,Treasury Notes,1.928,31,05,2
2023-05-31,2023,3,2023,2,Marketable,Treasury Bonds,3.036,31,05,3
2023-05-31,2023,3,2023,2,Marketable,Treasury Inflation-Protected Securities (TIPS),0.552,31,05,4
2023-05-31,2023,3,2023,2,Marketable,Treasury Floating Rate Notes (FRN),5.336,31,05,5
2023-05-31,2023,3,2023,2,Marketable,Federal Financing Bank,2.579,31,05,6
2023-05-31,2023,3,2023,2,Marketable,Total Marketable,2.691,31,05,7
2023-05-31,2023,3,2023,2,Non-marketable,Domestic Series,7.577,31,05,8
2023-05-31,2023,3,2023,2,Non-marketable,Special Purpose Vehicle,4.143,31,05,9
2023-05-31,2023,3,2023,2,Non-marketable,Foreign Series,0.000,31,05,10
2023-05-31,2023,3,2023,2,Non-marketable,State and Local Government Series,2.534,31,05,11
2023-05-31,2023,3,2023,2,Non-marketable,United States Savings Securities,3.125,31,05,12
2023-05-31,2023,3,2023,2,Non-marketable,United States Savings Inflation Securities,6.996,31,05,13
2023-05-31,2023,3,2023,2,Non-marketable,Government Account Series,2.564,31,05,14
2023-05-31,2023,3,2023,2,Non-marketable,Government Account Series Inflation Securities,1.055,31,05,15
2023-05-31,2023,3,2023,2,Non-marketable,Total Non-marketable,2.576,31,05,16
2023-05-31,2023,3,2023,2,Interest-bearing Debt,Total Interest-bearing Debt,2.667,31,05,17
2023-06-30,2023,3,2023,2,Marketable,Treasury Bills,5.116,30,06,1
2023-06-30,2023,3,2023,2,Marketable,Treasury Notes,1.972,30,06,2
2023-06-30,2023,3,2023,2,Marketable,Treasury Bonds,3.042,30,06,3
2023-06-30,2023,3,2023,2,Marketable,Treasury Inflation-Protected Securities (TIPS),0.564,30,06,4
2023-06-30,2023,3,2023,2,Marketable,Treasury Floating Rate Notes (FRN),5.268,30,06,5
2023-06-30,2023,3,2023,2,Marketable,Federal Financing Bank,2.513,30,06,6
2023-06-30,2023,3,2023,2,Marketable,Total Marketable,2.792,30,06,7
2023-06-30,2023,3,2023,2,Non-marketable,Domestic Series,7.577,30,06,8
2023-06-30,2023,3,2023,2,Non-marketable,Special Purpose Vehicle,4.047,30,06,9
2023-06-30,2023,3,2023,2,Non-marketable,Foreign Series,0.000,30,06,10
2023-06-30,2023,3,2023,2,Non-marketable,State and Local Government Series,2.500,30,06,11
2023-06-30,2023,3,2023,2,Non-marketable,United States Savings Securities,3.164,30,06,12
2023-06-30,2023,3,2023,2,Non-marketable,United States Savings Inflation Securities,6.527,30,06,13
2023-06-30,2023,3,2023,2,Non-marketable,Government Account Series,2.635,30,06,14
2023-06-30,2023,3,2023,2,Non-marketable,Government Account Series Inflation Securities,1.055,30,06,15
2023-06-30,2023,3,2023,2,Non-marketable,Total Non-marketable,2.645,30,06,16
2023-06-30,2023,3,2023,2,Interest-bearing Debt,Total Interest-bearing Debt,2.761,30,06,17
2023-07-31,2023,4,2023,3,Marketable,Treasury Bills,5.219,31,07,1
2023-07-31,2023,4,2023,3,Marketable,Treasury Notes,2.018,31,07,2
2023-07-31,2023,4,2023,3,Marketable,Treasury Bonds,3.049,31,07,3
2023-07-31,2023,4,2023,3,Marketable,Treasury Inflation-Protected Securities (TIPS),0.575,31,07,4
2023-07-31,2023,4,2023,3,Marketable,Treasury Floating Rate Notes (FRN),5.369,31,07,5
2023-07-31,2023,4,2023,3,Marketable,Federal Financing Bank,2.513,31,07,6
2023-07-31,2023,4,2023,3,Marketable,Total Marketable,2.873,31,07,7
2023-07-31,2023,4,2023,3,Non-marketable,Domestic Series,7.577,31,07,8
2023-07-31,2023,4,2023,3,Non-marketable,Special Purpose Vehicle,4.114,31,07,9
2023-07-31,2023,4,2023,3,Non-marketable,Foreign Series,0.000,31,07,10
2023-07-31,2023,4,2023,3,Non-marketable,State and Local Government Series,2.599,31,07,11
2023-07-31,2023,4,2023,3,Non-marketable,United States Savings Securities,3.196,31,07,12
2023-07-31,2023,4,2023,3,Non-marketable,United States Savings Inflation Securities,5.893,31,07,13
2023-07-31,2023,4,2023,3,Non-marketable,Government Account Series,2.707,31,07,14
2023-07-31,2023,4,2023,3,Non-marketable,Government Account Series Inflation Securities,1.055,31,07,15
2023-07-31,2023,4,2023,3,Non-marketable,Total Non-marketable,2.717,31,07,16
2023-07-31,2023,4,2023,3,Interest-bearing Debt,Total Interest-bearing Debt,2.841,31,07,17
2023-08-31,2023,4,2023,3,Marketable,Treasury Bills,5.319,31,08,1
2023-08-31,2023,4,2023,3,Marketable,Treasury Notes,2.077,31,08,2
2023-08-31,2023,4,2023,3,Marketable,Treasury Bonds,3.045,31,08,3
2023-08-31,2023,4,2023,3,Marketable,Treasury Inflation-Protected Securities (TIPS),0.581,31,08,4
2023-08-31,2023,4,2023,3,Marketable,Treasury Floating Rate Notes (FRN),5.205,31,08,5
2023-08-31,2023,4,2023,3,Marketable,Federal Financing Bank,2.513,31,08,6
2023-08-31,2023,4,2023,3,Marketable,Total Marketable,2.962,31,08,7
2023-08-31,2023,4,2023,3,Non-marketable,Domestic Series,7.577,31,08,8
2023-08-31,2023,4,2023,3,Non-marketable,Special Purpose Vehicle,4.172,31,08,9
2023-08-31,2023,4,2023,3,Non-marketable,Foreign Series,0.000,31,08,10
2023-08-31,2023,4,2023,3,Non-marketable,State and Local Government Series,2.809,31,08,11
2023-08-31,2023,4,2023,3,Non-marketable,United States Savings Securities,3.224,31,08,12
2023-08-31,2023,4,2023,3,Non-marketable,United States Savings Inflation Securities,5.539,31,08,13
2023-08-31,2023,4,2023,3,Non-marketable,Government Account Series,2.753,31,08,14
2023-08-31,2023,4,2023,3,Non-marketable,Government Account Series Inflation Securities,1.055,31,08,15
2023-08-31,2023,4,2023,3,Non-marketable,Total Non-marketable,2.765,31,08,16
2023-08-31,2023,4,2023,3,Interest-bearing Debt,Total Interest-bearing Debt,2.921,31,08,17
2023-09-30,2023,4,2023,3,Marketable,Treasury Bills,5.380,30,09,1
2023-09-30,2023,4,2023,3,Marketable,Treasury Notes,2.106,30,09,2
2023-09-30,2023,4,2023,3,Marketable,Treasury Bonds,3.051,30,09,3
2023-09-30,2023,4,2023,3,Marketable,Treasury Inflation-Protected Securities (TIPS),0.592,30,09,4
2023-09-30,2023,4,2023,3,Marketable,Treasury Floating Rate Notes (FRN),4.979,30,09,5
2023-09-30,2023,4,2023,3,Marketable,Federal Financing Bank,2.513,30,09,6
2023-09-30,2023,4,2023,3,Marketable,Total Marketable,3.016,30,09,7
2023-09-30,2023,4,2023,3,Non-marketable,Domestic Series,7.577,30,09,8
2023-09-30,2023,4,2023,3,Non-marketable,Special Purpose Vehicle,4.162,30,09,9
2023-09-30,2023,4,2023,3,Non-marketable,Foreign Series,0.000,30,09,10
2023-09-30,2023,4,2023,3,Non-marketable,State and Local Government Series,3.089,30,09,11
2023-09-30,2023,4,2023,3,Non-marketable,United States Savings Securities,3.253,30,09,12
2023-09-30,2023,4,2023,3,Non-marketable,United States Savings Inflation Securities,5.194,30,09,13
2023-09-30,2023,4,2023,3,Non-marketable,Government Account Series,2.771,30,09,14
2023-09-30,2023,4,2023,3,Non-marketable,Government Account Series Inflation Securities,1.055,30,09,15
2023-09-30,2023,4,2023,3,Non-marketable,Total Non-marketable,2.787,30,09,16
2023-09-30,2023,4,2023,3,Interest-bearing Debt,Total Interest-bearing Debt,2.970,30,09,17
2023-10-31,2024,1,2023,4,Marketable,Treasury Bills,5.437,31,10,1
2023-10-31,2024,1,2023,4,Marketable,Treasury Notes,2.190,31,10,2
2023-10-31,2024,1,2023,4,Marketable,Treasury Bonds,3.070,31,10,3
2023-10-31,2024,1,2023,4,Marketable,Treasury Inflation-Protected Securities (TIPS),0.613,31,10,4
2023-10-31,2024,1,2023,4,Marketable,Treasury Floating Rate Notes (FRN),5.430,31,10,5
2023-10-31,2024,1,2023,4,Marketable,Federal Financing Bank,2.513,31,10,6
2023-10-31,2024,1,2023,4,Marketable,Total Marketable,3.096,31,10,7
2023-10-31,2024,1,2023,4,Non-marketable,Domestic Series,7.577,31,10,8
2023-10-31,2024,1,2023,4,Non-marketable,Special Purpose Vehicle,4.162,31,10,9
2023-10-31,2024,1,2023,4,Non-marketable,Foreign Series,0.000,31,10,10
2023-10-31,2024,1,2023,4,Non-marketable,State and Local Government Series,3.233,31,10,11
2023-10-31,2024,1,2023,4,Non-marketable,United States Savings Securities,3.285,31,10,12
2023-10-31,2024,1,2023,4,Non-marketable,United States Savings Inflation Securities,4.395,31,10,13
2023-10-31,2024,1,2023,4,Non-marketable,Government Account Series,2.868,31,10,14
2023-10-31,2024,1,2023,4,Non-marketable,Government Account Series Inflation Securities,1.137,31,10,15
2023-10-31,2024,1,2023,4,Non-marketable,Total Non-marketable,2.884,31,10,16
2023-10-31,2024,1,2023,4,Interest-bearing Debt,Total Interest-bearing Debt,3.052,31,10,17
2023-11-30,2024,1,2023,4,Marketable,Treasury Bills,5.451,30,11,1
2023-11-30,2024,1,2023,4,Marketable,Treasury Notes,2.244,30,11,2
2023-11-30,2024,1,2023,4,Marketable,Treasury Bonds,3.086,30,11,3
2023-11-30,2024,1,2023,4,Marketable,Treasury Inflation-Protected Securities (TIPS),0.624,30,11,4
2023-11-30,2024,1,2023,4,Marketable,Treasury Floating Rate Notes (FRN),5.144,30,11,5
2023-11-30,2024,1,2023,4,Marketable,Federal Financing Bank,2.513,30,11,6
2023-11-30,2024,1,2023,4,Marketable,Total Marketable,3.155,30,11,7
2023-11-30,2024,1,2023,4,Non-marketable,Domestic Series,7.577,30,11,8
2023-11-30,2024,1,2023,4,Non-marketable,Special Purpose Vehicle,4.124,30,11,9
2023-11-30,2024,1,2023,4,Non-marketable,Foreign Series,0.000,30,11,10
2023-11-30,2024,1,2023,4,Non-marketable,State and Local Government Series,3.352,30,11,11
2023-11-30,2024,1,2023,4,Non-marketable,United States Savings Securities,3.317,30,11,12
2023-11-30,2024,1,2023,4,Non-marketable,United States Savings Inflation Securities,4.490,30,11,13
2023-11-30,2024,1,2023,4,Non-marketable,Government Account Series,2.876,30,11,14
2023-11-30,2024,1,2023,4,Non-marketable,Government Account Series Inflation Securities,1.138,30,11,15
2023-11-30,2024,1,2023,4,Non-marketable,Total Non-marketable,2.894,30,11,16
2023-11-30,2024,1,2023,4,Interest-bearing Debt,Total Interest-bearing Debt,3.103,30,11,17
2023-12-31,2024,1,2023,4,Marketable,Treasury Bills,5.437,31,12,1
2023-12-31,2024,1,2023,4,Marketable,Treasury Notes,2.272,31,12,2
2023-12-31,2024,1,2023,4,Marketable,Treasury Bonds,3.092,31,12,3
2023-12-31,2024,1,2023,4,Marketable,Treasury Inflation-Protected Securities (TIPS),0.635,31,12,4
2023-12-31,2024,1,2023,4,Marketable,Treasury Floating Rate Notes (FRN),5.390,31,12,5
2023-12-31,2024,1,2023,4,Marketable,Federal Financing Bank,2.513,31,12,6
2023-12-31,2024,1,2023,4,Marketable,Total Marketable,3.174,31,12,7
2023-12-31,2024,1,2023,4,Non-marketable,Domestic Series,7.577,31,12,8
2023-12-31,2024,1,2023,4,Non-marketable,Special Purpose Vehicle,4.105,31,12,9
2023-12-31,2024,1,2023,4,Non-marketable,Foreign Series,0.000,31,12,10
2023-12-31,2024,1,2023,4,Non-marketable,State and Local Government Series,3.368,31,12,11
2023-12-31,2024,1,2023,4,Non-marketable,United States Savings Securities,3.354,31,12,12
2023-12-31,2024,1,2023,4,Non-marketable,United States Savings Inflation Securities,4.583,31,12,13
2023-12-31,2024,1,2023,4,Non-marketable,Government Account Series,2.858,31,12,14
2023-12-31,2024,1,2023,4,Non-marketable,Government Account Series Inflation Securities,1.138,31,12,15
2023-12-31,2024,1,2023,4,Non-marketable,Total Non-marketable,2.875,31,12,16
2023-12-31,2024,1,2023,4,Interest-bearing Debt,Total Interest-bearing Debt,3.113,31,12,17
2024-01-31,2024,2,2024,1,Marketable,Treasury Bills,5.411,31,01,1
2024-01-31,2024,2,2024,1,Marketable,Treasury Notes,2.340,31,01,2
2024-01-31,2024,2,2024,1,Marketable,Treasury Bonds,3.106,31,01,3
2024-01-31,2024,2,2024,1,Marketable,Treasury Inflation-Protected Securities (TIPS),0.648,31,01,4
2024-01-31,2024,2,2024,1,Marketable,Treasury Floating Rate Notes (FRN),5.543,31,01,5
2024-01-31,2024,2,2024,1,Marketable,Federal Financing Bank,2.513,31,01,6
2024-01-31,2024,2,2024,1,Marketable,Total Marketable,3.211,31,01,7
2024-01-31,2024,2,2024,1,Non-marketable,Domestic Series,7.577,31,01,8
2024-01-31,2024,2,2024,1,Non-marketable,Special Purpose Vehicle,4.066,31,01,9
2024-01-31,2024,2,2024,1,Non-marketable,Foreign Series,0.000,31,01,10
2024-01-31,2024,2,2024,1,Non-marketable,State and Local Government Series,3.380,31,01,11
2024-01-31,2024,2,2024,1,Non-marketable,United States Savings Securities,3.383,31,01,12
2024-01-31,2024,2,2024,1,Non-marketable,United States Savings Inflation Securities,4.732,31,01,13
2024-01-31,2024,2,2024,1,Non-marketable,Government Account Series,2.904,31,01,14
2024-01-31,2024,2,2024,1,Non-marketable,Government Account Series Inflation Securities,1.137,31,01,15
2024-01-31,2024,2,2024,1,Non-marketable,Total Non-marketable,2.921,31,01,16
2024-01-31,2024,2,2024,1,Interest-bearing Debt,Total Interest-bearing Debt,3.153,31,01,17
2024-02-29,2024,2,2024,1,Marketable,Treasury Bills,5.384,29,02,1
2024-02-29,2024,2,2024,1,Marketable,Treasury Notes,2.394,29,02,2
2024-02-29,2024,2,2024,1,Marketable,Treasury Bonds,3.119,29,02,3
2024-02-29,2024,2,2024,1,Marketable,Treasury Inflation-Protected Securities (TIPS),0.655,29,02,4
2024-02-29,2024,2,2024,1,Marketable,Treasury Floating Rate Notes (FRN),5.417,29,02,5
2024-02-29,2024,2,2024,1,Marketable,Federal Financing Bank,2.513,29,02,6
2024-02-29,2024,2,2024,1,Marketable,Total Marketable,3.259,29,02,7
2024-02-29,2024,2,2024,1,Non-marketable,Domestic Series,7.577,29,02,8
2024-02-29,2024,2,2024,1,Non-marketable,Special Purpose Vehicle,4.106,29,02,9
2024-02-29,2024,2,2024,1,Non-marketable,Foreign Series,0.000,29,02,10
2024-02-29,2024,2,2024,1,Non-marketable,State and Local Government Series,3.397,29,02,11
2024-02-29,2024,2,2024,1,Non-marketable,United States Savings Securities,3.412,29,02,12
2024-02-29,2024,2,2024,1,Non-marketable,United States Savings Inflation Securities,4.812,29,02,13
2024-02-29,2024,2,2024,1,Non-marketable,Government Account Series,2.924,29,02,14
2024-02-29,2024,2,2024,1,Non-marketable,Government Account Series Inflation Securities,1.137,29,02,15
2024-02-29,2024,2,2024,1,Non-marketable,Total Non-marketable,2.941,29,02,16
2024-02-29,2024,2,2024,1,Interest-bearing Debt,Total Interest-bearing Debt,3.195,29,02,17
2024-03-31,2024,2,2024,1,Marketable,Treasury Bills,5.369,31,03,1
2024-03-31,2024,2,2024,1,Marketable,Treasury Notes,2.417,31,03,2
2024-03-31,2024,2,2024,1,Marketable,Treasury Bonds,3.125,31,03,3
2024-03-31,2024,2,2024,1,Marketable,Treasury Inflation-Protected Securities (TIPS),0.665,31,03,4
2024-03-31,2024,2,2024,1,Marketable,Treasury Floating Rate Notes (FRN),5.536,31,03,5
2024-03-31,2024,2,2024,1,Marketable,Federal Financing Bank,2.513,31,03,6
2024-03-31,2024,2,2024,1,Marketable,Total Marketable,3.277,31,03,7
2024-03-31,2024,2,2024,1,Non-marketable,Domestic Series,7.577,31,03,8
2024-03-31,2024,2,2024,1,Non-marketable,Special Purpose Vehicle,4.076,31,03,9
2024-03-31,2024,2,2024,1,Non-marketable,Foreign Series,0.000,31,03,10
2024-03-31,2024,2,2024,1,Non-marketable,State and Local Government Series,3.520,31,03,11
2024-03-31,2024,2,2024,1,Non-marketable,United States Savings Securities,3.442,31,03,12
2024-03-31,2024,2,2024,1,Non-marketable,United States Savings Inflation Securities,4.887,31,03,13
2024-03-31,2024,2,2024,1,Non-marketable,Government Account Series,2.950,31,03,14
2024-03-31,2024,2,2024,1,Non-marketable,Government Account Series Inflation Securities,1.137,31,03,15
2024-03-31,2024,2,2024,1,Non-marketable,Total Non-marketable,2.968,31,03,16
2024-03-31,2024,2,2024,1,Interest-bearing Debt,Total Interest-bearing Debt,3.216,31,03,17
2024-04-30,2024,3,2024,2,Marketable,Treasury Bills,5.357,30,04,1
2024-04-30,2024,3,2024,2,Marketable,Treasury Notes,2.497,30,04,2
2024-04-30,2024,3,2024,2,Marketable,Treasury Bonds,3.141,30,04,3
2024-04-30,2024,3,2024,2,Marketable,Treasury Inflation-Protected Securities (TIPS),0.689,30,04,4
2024-04-30,2024,3,2024,2,Marketable,Treasury Floating Rate Notes (FRN),5.442,30,04,5
2024-04-30,2024,3,2024,2,Marketable,Federal Financing Bank,2.513,30,04,6
2024-04-30,2024,3,2024,2,Marketable,Total Marketable,3.297,30,04,7
2024-04-30,2024,3,2024,2,Non-marketable,Domestic Series,7.577,30,04,8
2024-04-30,2024,3,2024,2,Non-marketable,Special Purpose Vehicle,4.086,30,04,9
2024-04-30,2024,3,2024,2,Non-marketable,Foreign Series,0.000,30,04,10
2024-04-30,2024,3,2024,2,Non-marketable,State and Local Government Series,3.584,30,04,11
2024-04-30,2024,3,2024,2,Non-marketable,United States Savings Securities,3.476,30,04,12
2024-04-30,2024,3,2024,2,Non-marketable,United States Savings Inflation Securities,5.039,30,04,13
2024-04-30,2024,3,2024,2,Non-marketable,Government Account Series,2.960,30,04,14
2024-04-30,2024,3,2024,2,Non-marketable,Government Account Series Inflation Securities,1.138,30,04,15
2024-04-30,2024,3,2024,2,Non-marketable,Total Non-marketable,2.979,30,04,16
2024-04-30,2024,3,2024,2,Interest-bearing Debt,Total Interest-bearing Debt,3.234,30,04,17
2024-05-31,2024,3,2024,2,Marketable,Treasury Bills,5.352,31,05,1
2024-05-31,2024,3,2024,2,Marketable,Treasury Notes,2.560,31,05,2
2024-05-31,2024,3,2024,2,Marketable,Treasury Bonds,3.156,31,05,3
2024-05-31,2024,3,2024,2,Marketable,Treasury Inflation-Protected Securities (TIPS),0.702,31,05,4
2024-05-31,2024,3,2024,2,Marketable,Treasury Floating Rate Notes (FRN),5.439,31,05,5
2024-05-31,2024,3,2024,2,Marketable,Federal Financing Bank,2.513,31,05,6
2024-05-31,2024,3,2024,2,Marketable,Total Marketable,3.334,31,05,7
2024-05-31,2024,3,2024,2,Non-marketable,Domestic Series,7.577,31,05,8
2024-05-31,2024,3,2024,2,Non-marketable,Special Purpose Vehicle,4.095,31,05,9
2024-05-31,2024,3,2024,2,Non-marketable,Foreign Series,0.000,31,05,10
2024-05-31,2024,3,2024,2,Non-marketable,State and Local Government Series,3.676,31,05,11
2024-05-31,2024,3,2024,2,Non-marketable,United States Savings Securities,3.477,31,05,12
2024-05-31,2024,3,2024,2,Non-marketable,United States Savings Inflation Securities,4.902,31,05,13
2024-05-31,2024,3,2024,2,Non-marketable,Government Account Series,2.969,31,05,14
2024-05-31,2024,3,2024,2,Non-marketable,Government Account Series Inflation Securities,1.138,31,05,15
2024-05-31,2024,3,2024,2,Non-marketable,Total Non-marketable,2.990,31,05,16
2024-05-31,2024,3,2024,2,Interest-bearing Debt,Total Interest-bearing Debt,3.266,31,05,17
2024-06-30,2024,3,2024,2,Marketable,Treasury Bills,5.351,30,06,1
2024-06-30,2024,3,2024,2,Marketable,Treasury Notes,2.587,30,06,2
2024-06-30,2024,3,2024,2,Marketable,Treasury Bonds,3.162,30,06,3
2024-06-30,2024,3,2024,2,Marketable,Treasury Inflation-Protected Securities (TIPS),0.716,30,06,4
2024-06-30,2024,3,2024,2,Marketable,Treasury Floating Rate Notes (FRN),5.418,30,06,5
2024-06-30,2024,3,2024,2,Marketable,Federal Financing Bank,2.434,30,06,6
2024-06-30,2024,3,2024,2,Marketable,Total Marketable,3.344,30,06,7
2024-06-30,2024,3,2024,2,Non-marketable,Domestic Series,7.577,30,06,8
2024-06-30,2024,3,2024,2,Non-marketable,Special Purpose Vehicle,4.076,30,06,9
2024-06-30,2024,3,2024,2,Non-marketable,Foreign Series,0.000,30,06,10
2024-06-30,2024,3,2024,2,Non-marketable,State and Local Government Series,3.726,30,06,11
2024-06-30,2024,3,2024,2,Non-marketable,United States Savings Securities,3.478,30,06,12
2024-06-30,2024,3,2024,2,Non-marketable,United States Savings Inflation Securities,4.762,30,06,13
2024-06-30,2024,3,2024,2,Non-marketable,Government Account Series,3.009,30,06,14
2024-06-30,2024,3,2024,2,Non-marketable,Government Account Series Inflation Securities,1.140,30,06,15
2024-06-30,2024,3,2024,2,Non-marketable,Total Non-marketable,3.029,30,06,16
2024-06-30,2024,3,2024,2,Interest-bearing Debt,Total Interest-bearing Debt,3.281,30,06,17
2024-07-31,2024,4,2024,3,Marketable,Treasury Bills,5.345,31,07,1
2024-07-31,2024,4,2024,3,Marketable,Treasury Notes,2.660,31,07,2
2024-07-31,2024,4,2024,3,Marketable,Treasury Bonds,3.178,31,07,3
2024-07-31,2024,4,2024,3,Marketable,Treasury Inflation-Protected Securities (TIPS),0.734,31,07,4
2024-07-31,2024,4,2024,3,Marketable,Treasury Floating Rate Notes (FRN),5.371,31,07,5
2024-07-31,2024,4,2024,3,Marketable,Federal Financing Bank,2.434,31,07,6
2024-07-31,2024,4,2024,3,Marketable,Total Marketable,3.391,31,07,7
2024-07-31,2024,4,2024,3,Non-marketable,Domestic Series,7.577,31,07,8
2024-07-31,2024,4,2024,3,Non-marketable,Special Purpose Vehicle,4.009,31,07,9
2024-07-31,2024,4,2024,3,Non-marketable,Foreign Series,0.000,31,07,10
2024-07-31,2024,4,2024,3,Non-marketable,State and Local Government Series,3.850,31,07,11
2024-07-31,2024,4,2024,3,Non-marketable,United States Savings Securities,3.482,31,07,12
2024-07-31,2024,4,2024,3,Non-marketable,United States Savings Inflation Securities,4.562,31,07,13
2024-07-31,2024,4,2024,3,Non-marketable,Government Account Series,3.065,31,07,14
2024-07-31,2024,4,2024,3,Non-marketable,Government Account Series Inflation Securities,1.130,31,07,15
2024-07-31,2024,4,2024,3,Non-marketable,Total Non-marketable,3.087,31,07,16
2024-07-31,2024,4,2024,3,Interest-bearing Debt,Total Interest-bearing Debt,3.331,31,07,17
2024-08-31,2024,4,2024,3,Marketable,Treasury Bills,5.288,31,08,1
2024-08-31,2024,4,2024,3,Marketable,Treasury Notes,2.688,31,08,2
2024-08-31,2024,4,2024,3,Marketable,Treasury Bonds,3.186,31,08,3
2024-08-31,2024,4,2024,3,Marketable,Treasury Inflation-Protected Securities (TIPS),0.740,31,08,4
2024-08-31,2024,4,2024,3,Marketable,Treasury Floating Rate Notes (FRN),5.164,31,08,5
2024-08-31,2024,4,2024,3,Marketable,Federal Financing Bank,2.434,31,08,6
2024-08-31,2024,4,2024,3,Marketable,Total Marketable,3.415,31,08,7
2024-08-31,2024,4,2024,3,Non-marketable,Domestic Series,7.577,31,08,8
2024-08-31,2024,4,2024,3,Non-marketable,Special Purpose Vehicle,3.874,31,08,9
2024-08-31,2024,4,2024,3,Non-marketable,Foreign Series,0.000,31,08,10
2024-08-31,2024,4,2024,3,Non-marketable,State and Local Government Series,3.832,31,08,11
2024-08-31,2024,4,2024,3,Non-marketable,United States Savings Securities,3.494,31,08,12
2024-08-31,2024,4,2024,3,Non-marketable,United States Savings Inflation Securities,4.448,31,08,13
2024-08-31,2024,4,2024,3,Non-marketable,Government Account Series,3.050,31,08,14
2024-08-31,2024,4,2024,3,Non-marketable,Government Account Series Inflation Securities,1.130,31,08,15
2024-08-31,2024,4,2024,3,Non-marketable,Total Non-marketable,3.072,31,08,16
2024-08-31,2024,4,2024,3,Interest-bearing Debt,Total Interest-bearing Debt,3.348,31,08,17
2024-09-30,2024,4,2024,3,Marketable,Treasury Bills,5.154,30,09,1
2024-09-30,2024,4,2024,3,Marketable,Treasury Notes,2.730,30,09,2
2024-09-30,2024,4,2024,3,Marketable,Treasury Bonds,3.196,30,09,3
2024-09-30,2024,4,2024,3,Marketable,Treasury Inflation-Protected Securities (TIPS),0.747,30,09,4
2024-09-30,2024,4,2024,3,Marketable,Treasury Floating Rate Notes (FRN),4.728,30,09,5
2024-09-30,2024,4,2024,3,Marketable,Federal Financing Bank,2.434,30,09,6
2024-09-30,2024,4,2024,3,Marketable,Total Marketable,3.392,30,09,7
2024-09-30,2024,4,2024,3,Non-marketable,Domestic Series,7.577,30,09,8
2024-09-30,2024,4,2024,3,Non-marketable,Special Purpose Vehicle,3.527,30,09,9
2024-09-30,2024,4,2024,3,Non-marketable,Foreign Series,0.000,30,09,10
2024-09-30,2024,4,2024,3,Non-marketable,State and Local Government Series,3.717,30,09,11
2024-09-30,2024,4,2024,3,Non-marketable,United States Savings Securities,3.491,30,09,12
2024-09-30,2024,4,2024,3,Non-marketable,United States Savings Inflation Securities,4.339,30,09,13
2024-09-30,2024,4,2024,3,Non-marketable,Government Account Series,3.021,30,09,14
2024-09-30,2024,4,2024,3,Non-marketable,Government Account Series Inflation Securities,1.130,30,09,15
2024-09-30,2024,4,2024,3,Non-marketable,Total Non-marketable,3.042,30,09,16
2024-09-30,2024,4,2024,3,Interest-bearing Debt,Total Interest-bearing Debt,3.324,30,09,17
2024-10-31,2025,1,2024,4,Marketable,Treasury Bills,4.901,31,10,1
2024-10-31,2025,1,2024,4,Marketable,Treasury Notes,2.766,31,10,2
2024-10-31,2025,1,2024,4,Marketable,Treasury Bonds,3.205,31,10,3
2024-10-31,2025,1,2024,4,Marketable,Treasury Inflation-Protected Securities (TIPS),0.773,31,10,4
2024-10-31,2025,1,2024,4,Marketable,Treasury Floating Rate Notes (FRN),4.677,31,10,5
2024-10-31,2025,1,2024,4,Marketable,Federal Financing Bank,2.434,31,10,6
2024-10-31,2025,1,2024,4,Marketable,Total Marketable,3.363,31,10,7
2024-10-31,2025,1,2024,4,Non-marketable,Domestic Series,7.577,31,10,8
2024-10-31,2025,1,2024,4,Non-marketable,Special Purpose Vehicle,3.489,31,10,9
2024-10-31,2025,1,2024,4,Non-marketable,Foreign Series,0.000,31,10,10
2024-10-31,2025,1,2024,4,Non-marketable,State and Local Government Series,3.808,31,10,11
2024-10-31,2025,1,2024,4,Non-marketable,United States Savings Securities,3.489,31,10,12
2024-10-31,2025,1,2024,4,Non-marketable,United States Savings Inflation Securities,4.095,31,10,13
2024-10-31,2025,1,2024,4,Non-marketable,Government Account Series,3.028,31,10,14
2024-10-31,2025,1,2024,4,Non-marketable,Government Account Series Inflation Securities,1.191,31,10,15
2024-10-31,2025,1,2024,4,Non-marketable,Total Non-marketable,3.051,31,10,16
2024-10-31,2025,1,2024,4,Interest-bearing Debt,Total Interest-bearing Debt,3.302,31,10,17
2024-11-30,2025,1,2024,4,Marketable,Treasury Bills,4.741,30,11,1
2024-11-30,2025,1,2024,4,Marketable,Treasury Notes,2.793,30,11,2
2024-11-30,2025,1,2024,4,Marketable,Treasury Bonds,3.207,30,11,3
2024-11-30,2025,1,2024,4,Marketable,Treasury Inflation-Protected Securities (TIPS),0.783,30,11,4
2024-11-30,2025,1,2024,4,Marketable,Treasury Floating Rate Notes (FRN),4.601,30,11,5
2024-11-30,2025,1,2024,4,Marketable,Federal Financing Bank,2.434,30,11,6
2024-11-30,2025,1,2024,4,Marketable,Total Marketable,3.355,30,11,7
2024-11-30,2025,1,2024,4,Non-marketable,Domestic Series,7.577,30,11,8
2024-11-30,2025,1,2024,4,Non-marketable,Special Purpose Vehicle,3.489,30,11,9
2024-11-30,2025,1,2024,4,Non-marketable,Foreign Series,0.000,30,11,10
2024-11-30,2025,1,2024,4,Non-marketable,State and Local Government Series,3.759,30,11,11
2024-11-30,2025,1,2024,4,Non-marketable,United States Savings Securities,3.460,30,11,12
2024-11-30,2025,1,2024,4,Non-marketable,United States Savings Inflation Securities,3.948,30,11,13
2024-11-30,2025,1,2024,4,Non-marketable,Government Account Series,3.037,30,11,14
2024-11-30,2025,1,2024,4,Non-marketable,Government Account Series Inflation Securities,1.191,30,11,15
2024-11-30,2025,1,2024,4,Non-marketable,Total Non-marketable,3.057,30,11,16
2024-11-30,2025,1,2024,4,Interest-bearing Debt,Total Interest-bearing Debt,3.298,30,11,17
2024-12-31,2025,1,2024,4,Marketable,Treasury Bills,4.586,31,12,1
2024-12-31,2025,1,2024,4,Marketable,Treasury Notes,2.851,31,12,2
2024-12-31,2025,1,2024,4,Marketable,Treasury Bonds,3.222,31,12,3
2024-12-31,2025,1,2024,4,Marketable,Treasury Inflation-Protected Securities (TIPS),0.797,31,12,4
2024-12-31,2025,1,2024,4,Marketable,Treasury Floating Rate Notes (FRN),4.424,31,12,5
2024-12-31,2025,1,2024,4,Marketable,Federal Financing Bank,2.434,31,12,6
2024-12-31,2025,1,2024,4,Marketable,Total Marketable,3.336,31,12,7
2024-12-31,2025,1,2024,4,Non-marketable,Domestic Series,7.577,31,12,8
2024-12-31,2025,1,2024,4,Non-marketable,Special Purpose Vehicle,3.286,31,12,9
2024-12-31,2025,1,2024,4,Non-marketable,Foreign Series,0.000,31,12,10
2024-12-31,2025,1,2024,4,Non-marketable,State and Local Government Series,3.604,31,12,11
2024-12-31,2025,1,2024,4,Non-marketable,United States Savings Securities,3.424,31,12,12
2024-12-31,2025,1,2024,4,Non-marketable,United States Savings Inflation Securities,3.797,31,12,13
2024-12-31,2025,1,2024,4,Non-marketable,Government Account Series,3.029,31,12,14
2024-12-31,2025,1,2024,4,Non-marketable,Government Account Series Inflation Securities,1.191,31,12,15
2024-12-31,2025,1,2024,4,Non-marketable,Total Non-marketable,3.046,31,12,16
2024-12-31,2025,1,2024,4,Interest-bearing Debt,Total Interest-bearing Debt,3.280,31,12,17
2025-01-31,2025,2,2025,1,Marketable,Treasury Bills,4.455,31,01,1
2025-01-31,2025,2,2025,1,Marketable,Treasury Notes,2.891,31,01,2
2025-01-31,2025,2,2025,1,Marketable,Treasury Bonds,3.236,31,01,3
2025-01-31,2025,2,2025,1,Marketable,Treasury Inflation-Protected Securities (TIPS),0.793,31,01,4
2025-01-31,2025,2,2025,1,Marketable,Treasury Floating Rate Notes (FRN),4.374,31,01,5
2025-01-31,2025,2,2025,1,Marketable,Federal Financing Bank,2.434,31,01,6
2025-01-31,2025,2,2025,1,Marketable,Total Marketable,3.337,31,01,7
2025-01-31,2025,2,2025,1,Non-marketable,Domestic Series,7.577,31,01,8
2025-01-31,2025,2,2025,1,Non-marketable,Special Purpose Vehicle,3.257,31,01,9
2025-01-31,2025,2,2025,1,Non-marketable,Foreign Series,0.000,31,01,10
2025-01-31,2025,2,2025,1,Non-marketable,State and Local Government Series,3.399,31,01,11
2025-01-31,2025,2,2025,1,Non-marketable,United States Savings Securities,3.392,31,01,12
2025-01-31,2025,2,2025,1,Non-marketable,United States Savings Inflation Securities,3.586,31,01,13
2025-01-31,2025,2,2025,1,Non-marketable,Government Account Series,3.032,31,01,14
2025-01-31,2025,2,2025,1,Non-marketable,Government Account Series Inflation Securities,1.178,31,01,15
2025-01-31,2025,2,2025,1,Non-marketable,Total Non-marketable,3.045,31,01,16
2025-01-31,2025,2,2025,1,Interest-bearing Debt,Total Interest-bearing Debt,3.282,31,01,17
2025-02-28,2025,2,2025,1,Marketable,Treasury Bills,4.399,28,02,1
2025-02-28,2025,2,2025,1,Marketable,Treasury Notes,2.932,28,02,2
2025-02-28,2025,2,2025,1,Marketable,Treasury Bonds,3.243,28,02,3
2025-02-28,2025,2,2025,1,Marketable,Treasury Inflation-Protected Securities (TIPS),0.801,28,02,4
2025-02-28,2025,2,2025,1,Marketable,Treasury Floating Rate Notes (FRN),4.370,28,02,5
2025-02-28,2025,2,2025,1,Marketable,Federal Financing Bank,2.434,28,02,6
2025-02-28,2025,2,2025,1,Marketable,Total Marketable,3.346,28,02,7
2025-02-28,2025,2,2025,1,Non-marketable,Domestic Series,7.577,28,02,8
2025-02-28,2025,2,2025,1,Non-marketable,Special Purpose Vehicle,3.257,28,02,9
2025-02-28,2025,2,2025,1,Non-marketable,Foreign Series,0.000,28,02,10
2025-02-28,2025,2,2025,1,Non-marketable,State and Local Government Series,3.427,28,02,11
2025-02-28,2025,2,2025,1,Non-marketable,United States Savings Securities,3.365,28,02,12
2025-02-28,2025,2,2025,1,Non-marketable,United States Savings Inflation Securities,3.464,28,02,13
2025-02-28,2025,2,2025,1,Non-marketable,Government Account Series,2.980,28,02,14
2025-02-28,2025,2,2025,1,Non-marketable,Government Account Series Inflation Securities,1.240,28,02,15
2025-02-28,2025,2,2025,1,Non-marketable,Total Non-marketable,2.995,28,02,16
2025-02-28,2025,2,2025,1,Interest-bearing Debt,Total Interest-bearing Debt,3.282,28,02,17
2025-03-31,2025,2,2025,1,Marketable,Treasury Bills,4.359,31,03,1
2025-03-31,2025,2,2025,1,Marketable,Treasury Notes,2.963,31,03,2
2025-03-31,2025,2,2025,1,Marketable,Treasury Bonds,3.254,31,03,3
2025-03-31,2025,2,2025,1,Marketable,Treasury Inflation-Protected Securities (TIPS),0.812,31,03,4
2025-03-31,2025,2,2025,1,Marketable,Treasury Floating Rate Notes (FRN),4.362,31,03,5
2025-03-31,2025,2,2025,1,Marketable,Federal Financing Bank,2.434,31,03,6
2025-03-31,2025,2,2025,1,Marketable,Total Marketable,3.347,31,03,7
2025-03-31,2025,2,2025,1,Non-marketable,Domestic Series,7.577,31,03,8
2025-03-31,2025,2,2025,1,Non-marketable,Special Purpose Vehicle,3.257,31,03,9
2025-03-31,2025,2,2025,1,Non-marketable,Foreign Series,0.000,31,03,10
2025-03-31,2025,2,2025,1,Non-marketable,State and Local Government Series,3.467,31,03,11
2025-03-31,2025,2,2025,1,Non-marketable,United States Savings Securities,3.337,31,03,12
2025-03-31,2025,2,2025,1,Non-marketable,United States Savings Inflation Securities,3.345,31,03,13
2025-03-31,2025,2,2025,1,Non-marketable,Government Account Series,2.985,31,03,14
2025-03-31,2025,2,2025,1,Non-marketable,Government Account Series Inflation Securities,1.240,31,03,15
2025-03-31,2025,2,2025,1,Non-marketable,Total Non-marketable,3.000,31,03,16
2025-03-31,2025,2,2025,1,Interest-bearing Debt,Total Interest-bearing Debt,3.284,31,03,17
2025-04-30,2025,3,2025,2,Marketable,Treasury Bills,4.335,30,04,1
2025-04-30,2025,3,2025,2,Marketable,Treasury Notes,2.990,30,04,2
2025-04-30,2025,3,2025,2,Marketable,Treasury Bonds,3.267,30,04,3
2025-04-30,2025,3,2025,2,Marketable,Treasury Inflation-Protected Securities (TIPS),0.853,30,04,4
2025-04-30,2025,3,2025,2,Marketable,Treasury Floating Rate Notes (FRN),4.398,30,04,5
2025-04-30,2025,3,2025,2,Marketable,Federal Financing Bank,2.434,30,04,6
2025-04-30,2025,3,2025,2,Marketable,Total Marketable,3.354,30,04,7
2025-04-30,2025,3,2025,2,Non-marketable,Domestic Series,7.577,30,04,8
2025-04-30,2025,3,2025,2,Non-marketable,Special Purpose Vehicle,3.257,30,04,9
2025-04-30,2025,3,2025,2,Non-marketable,Foreign Series,0.000,30,04,10
2025-04-30,2025,3,2025,2,Non-marketable,State and Local Government Series,3.501,30,04,11
2025-04-30,2025,3,2025,2,Non-marketable,United States Savings Securities,3.306,30,04,12
2025-04-30,2025,3,2025,2,Non-marketable,United States Savings Inflation Securities,3.081,30,04,13
2025-04-30,2025,3,2025,2,Non-marketable,Government Account Series,2.983,30,04,14
2025-04-30,2025,3,2025,2,Non-marketable,Government Account Series Inflation Securities,1.241,30,04,15
2025-04-30,2025,3,2025,2,Non-marketable,Total Non-marketable,2.999,30,04,16
2025-04-30,2025,3,2025,2,Interest-bearing Debt,Total Interest-bearing Debt,3.289,30,04,17
2025-05-31,2025,3,2025,2,Marketable,Treasury Bills,4.316,31,05,1
2025-05-31,2025,3,2025,2,Marketable,Treasury Notes,3.008,31,05,2
2025-05-31,2025,3,2025,2,Marketable,Treasury Bonds,3.278,31,05,3
2025-05-31,2025,3,2025,2,Marketable,Treasury Inflation-Protected Securities (TIPS),0.865,31,05,4
2025-05-31,2025,3,2025,2,Marketable,Treasury Floating Rate Notes (FRN),4.427,31,05,5
2025-05-31,2025,3,2025,2,Marketable,Federal Financing Bank,2.434,31,05,6
2025-05-31,2025,3,2025,2,Marketable,Total Marketable,3.362,31,05,7
2025-05-31,2025,3,2025,2,Non-marketable,Domestic Series,7.577,31,05,8
2025-05-31,2025,3,2025,2,Non-marketable,Special Purpose Vehicle,3.305,31,05,9
2025-05-31,2025,3,2025,2,Non-marketable,Foreign Series,0.000,31,05,10
2025-05-31,2025,3,2025,2,Non-marketable,State and Local Government Series,3.519,31,05,11
2025-05-31,2025,3,2025,2,Non-marketable,United States Savings Securities,3.324,31,05,12
2025-05-31,2025,3,2025,2,Non-marketable,United States Savings Inflation Securities,3.225,31,05,13
2025-05-31,2025,3,2025,2,Non-marketable,Government Account Series,2.977,31,05,14
2025-05-31,2025,3,2025,2,Non-marketable,Government Account Series Inflation Securities,1.241,31,05,15
2025-05-31,2025,3,2025,2,Non-marketable,Total Non-marketable,2.993,31,05,16
2025-05-31,2025,3,2025,2,Interest-bearing Debt,Total Interest-bearing Debt,3.294,31,05,17
2025-06-30,2025,3,2025,2,Marketable,Treasury Bills,4.306,30,06,1
2025-06-30,2025,3,2025,2,Marketable,Treasury Notes,3.048,30,06,2
2025-06-30,2025,3,2025,2,Marketable,Treasury Bonds,3.297,30,06,3
2025-06-30,2025,3,2025,2,Marketable,Treasury Inflation-Protected Securities (TIPS),0.875,30,06,4
2025-06-30,2025,3,2025,2,Marketable,Treasury Floating Rate Notes (FRN),4.366,30,06,5
2025-06-30,2025,3,2025,2,Marketable,Federal Financing Bank,2.389,30,06,6
2025-06-30,2025,3,2025,2,Marketable,Total Marketable,3.375,30,06,7
2025-06-30,2025,3,2025,2,Non-marketable,Domestic Series,7.577,30,06,8
2025-06-30,2025,3,2025,2,Non-marketable,Special Purpose Vehicle,3.257,30,06,9
2025-06-30,2025,3,2025,2,Non-marketable,Foreign Series,0.000,30,06,10
2025-06-30,2025,3,2025,2,Non-marketable,State and Local Government Series,3.484,30,06,11
2025-06-30,2025,3,2025,2,Non-marketable,United States Savings Securities,3.346,30,06,12
2025-06-30,2025,3,2025,2,Non-marketable,United States Savings Inflation Securities,3.372,30,06,13
2025-06-30,2025,3,2025,2,Non-marketable,Government Account Series,2.967,30,06,14
2025-06-30,2025,3,2025,2,Non-marketable,Government Account Series Inflation Securities,1.241,30,06,15
2025-06-30,2025,3,2025,2,Non-marketable,Total Non-marketable,2.983,30,06,16
2025-06-30,2025,3,2025,2,Interest-bearing Debt,Total Interest-bearing Debt,3.304,30,06,17
2025-07-31,2025,4,2025,3,Marketable,Treasury Bills,4.314,31,07,1
2025-07-31,2025,4,2025,3,Marketable,Treasury Notes,3.073,31,07,2
2025-07-31,2025,4,2025,3,Marketable,Treasury Bonds,3.309,31,07,3
2025-07-31,2025,4,2025,3,Marketable,Treasury Inflation-Protected Securities (TIPS),0.894,31,07,4
2025-07-31,2025,4,2025,3,Marketable,Treasury Floating Rate Notes (FRN),4.407,31,07,5
2025-07-31,2025,4,2025,3,Marketable,Federal Financing Bank,2.389,31,07,6
2025-07-31,2025,4,2025,3,Marketable,Total Marketable,3.399,31,07,7
2025-07-31,2025,4,2025,3,Non-marketable,Domestic Series,7.577,31,07,8
2025-07-31,2025,4,2025,3,Non-marketable,Special Purpose Vehicle,3.286,31,07,9
2025-07-31,2025,4,2025,3,Non-marketable,Foreign Series,0.000,31,07,10
2025-07-31,2025,4,2025,3,Non-marketable,State and Local Government Series,3.536,31,07,11
2025-07-31,2025,4,2025,3,Non-marketable,United States Savings Securities,3.365,31,07,12
2025-07-31,2025,4,2025,3,Non-marketable,United States Savings Inflation Securities,3.579,31,07,13
2025-07-31,2025,4,2025,3,Non-marketable,Government Account Series,3.138,31,07,14
2025-07-31,2025,4,2025,3,Non-marketable,Government Account Series Inflation Securities,1.241,31,07,15
2025-07-31,2025,4,2025,3,Non-marketable,Total Non-marketable,3.151,31,07,16
2025-07-31,2025,4,2025,3,Interest-bearing Debt,Total Interest-bearing Debt,3.352,31,07,17
2025-08-31,2025,4,2025,3,Marketable,Treasury Bills,4.283,31,08,1
2025-08-31,2025,4,2025,3,Marketable,Treasury Notes,3.087,31,08,2
2025-08-31,2025,4,2025,3,Marketable,Treasury Bonds,3.311,31,08,3
2025-08-31,2025,4,2025,3,Marketable,Treasury Inflation-Protected Securities (TIPS),0.901,31,08,4
2025-08-31,2025,4,2025,3,Marketable,Treasury Floating Rate Notes (FRN),4.303,31,08,5
2025-08-31,2025,4,2025,3,Marketable,Federal Financing Bank,2.389,31,08,6
2025-08-31,2025,4,2025,3,Marketable,Total Marketable,3.415,31,08,7
2025-08-31,2025,4,2025,3,Non-marketable,Domestic Series,7.577,31,08,8
2025-08-31,2025,4,2025,3,Non-marketable,Special Purpose Vehicle,3.179,31,08,9
2025-08-31,2025,4,2025,3,Non-marketable,Foreign Series,0.000,31,08,10
2025-08-31,2025,4,2025,3,Non-marketable,State and Local Government Series,3.533,31,08,11
2025-08-31,2025,4,2025,3,Non-marketable,United States Savings Securities,3.381,31,08,12
2025-08-31,2025,4,2025,3,Non-marketable,United States Savings Inflation Securities,3.704,31,08,13
2025-08-31,2025,4,2025,3,Non-marketable,Government Account Series,3.173,31,08,14
2025-08-31,2025,4,2025,3,Non-marketable,Government Account Series Inflation Securities,1.241,31,08,15
2025-08-31,2025,4,2025,3,Non-marketable,Total Non-marketable,3.185,31,08,16
2025-08-31,2025,4,2025,3,Interest-bearing Debt,Total Interest-bearing Debt,3.372,31,08,17
2025-09-30,2025,4,2025,3,Marketable,Treasury Bills,4.187,30,09,1
2025-09-30,2025,4,2025,3,Marketable,Treasury Notes,3.112,30,09,2
2025-09-30,2025,4,2025,3,Marketable,Treasury Bonds,3.327,30,09,3
2025-09-30,2025,4,2025,3,Marketable,Treasury Inflation-Protected Securities (TIPS),0.909,30,09,4
2025-09-30,2025,4,2025,3,Marketable,Treasury Floating Rate Notes (FRN),4.034,30,09,5
2025-09-30,2025,4,2025,3,Marketable,Federal Financing Bank,2.389,30,09,6
2025-09-30,2025,4,2025,3,Marketable,Total Marketable,3.406,30,09,7
2025-09-30,2025,4,2025,3,Non-marketable,Domestic Series,7.577,30,09,8
2025-09-30,2025,4,2025,3,Non-marketable,Special Purpose Vehicle,2.995,30,09,9
2025-09-30,2025,4,2025,3,Non-marketable,Foreign Series,0.000,30,09,10
2025-09-30,2025,4,2025,3,Non-marketable,State and Local Government Series,3.461,30,09,11
2025-09-30,2025,4,2025,3,Non-marketable,United States Savings Securities,3.397,30,09,12
2025-09-30,2025,4,2025,3,Non-marketable,United States Savings Inflation Securities,3.822,30,09,13
2025-09-30,2025,4,2025,3,Non-marketable,Government Account Series,3.162,30,09,14
2025-09-30,2025,4,2025,3,Non-marketable,Government Account Series Inflation Securities,1.241,30,09,15
2025-09-30,2025,4,2025,3,Non-marketable,Total Non-marketable,3.173,30,09,16
2025-09-30,2025,4,2025,3,Interest-bearing Debt,Total Interest-bearing Debt,3.363,30,09,17
2025-10-31,2026,1,2025,4,Marketable,Treasury Bills,4.075,31,10,1
2025-10-31,2026,1,2025,4,Marketable,Treasury Notes,3.124,31,10,2
2025-10-31,2026,1,2025,4,Marketable,Treasury Bonds,3.338,31,10,3
2025-10-31,2026,1,2025,4,Marketable,Treasury Inflation-Protected Securities (TIPS),0.964,31,10,4
2025-10-31,2026,1,2025,4,Marketable,Treasury Floating Rate Notes (FRN),3.901,31,10,5
2025-10-31,2026,1,2025,4,Marketable,Federal Financing Bank,2.389,31,10,6
2025-10-31,2026,1,2025,4,Marketable,Total Marketable,3.393,31,10,7
2025-10-31,2026,1,2025,4,Non-marketable,Domestic Series,7.577,31,10,8
2025-10-31,2026,1,2025,4,Non-marketable,Special Purpose Vehicle,2.888,31,10,9
2025-10-31,2026,1,2025,4,Non-marketable,Foreign Series,0.000,31,10,10
2025-10-31,2026,1,2025,4,Non-marketable,State and Local Government Series,3.434,31,10,11
2025-10-31,2026,1,2025,4,Non-marketable,United States Savings Securities,3.415,31,10,12
2025-10-31,2026,1,2025,4,Non-marketable,United States Savings Inflation Securities,4.073,31,10,13
2025-10-31,2026,1,2025,4,Non-marketable,Government Account Series,3.175,31,10,14
2025-10-31,2026,1,2025,4,Non-marketable,Government Account Series Inflation Securities,1.311,31,10,15
2025-10-31,2026,1,2025,4,Non-marketable,Total Non-marketable,3.186,31,10,16
2025-10-31,2026,1,2025,4,Interest-bearing Debt,Total Interest-bearing Debt,3.355,31,10,17
2025-11-30,2026,1,2025,4,Marketable,Treasury Bills,3.983,30,11,1
2025-11-30,2026,1,2025,4,Marketable,Treasury Notes,3.133,30,11,2
2025-11-30,2026,1,2025,4,Marketable,Treasury Bonds,3.346,30,11,3
2025-11-30,2026,1,2025,4,Marketable,Treasury Inflation-Protected Securities (TIPS),0.972,30,11,4
2025-11-30,2026,1,2025,4,Marketable,Treasury Floating Rate Notes (FRN),3.965,30,11,5
2025-11-30,2026,1,2025,4,Marketable,Federal Financing Bank,2.389,30,11,6
2025-11-30,2026,1,2025,4,Marketable,Total Marketable,3.382,30,11,7
2025-11-30,2026,1,2025,4,Non-marketable,Domestic Series,7.577,30,11,8
2025-11-30,2026,1,2025,4,Non-marketable,Special Purpose Vehicle,2.907,30,11,9
2025-11-30,2026,1,2025,4,Non-marketable,Foreign Series,0.000,30,11,10
2025-11-30,2026,1,2025,4,Non-marketable,State and Local Government Series,3.415,30,11,11
2025-11-30,2026,1,2025,4,Non-marketable,United States Savings Securities,3.376,30,11,12
2025-11-30,2026,1,2025,4,Non-marketable,United States Savings Inflation Securities,4.113,30,11,13
2025-11-30,2026,1,2025,4,Non-marketable,Government Account Series,3.191,30,11,14
2025-11-30,2026,1,2025,4,Non-marketable,Government Account Series Inflation Securities,1.311,30,11,15
2025-11-30,2026,1,2025,4,Non-marketable,Total Non-marketable,3.201,30,11,16
2025-11-30,2026,1,2025,4,Interest-bearing Debt,Total Interest-bearing Debt,3.348,30,11,17
2025-12-31,2026,1,2025,4,Marketable,Treasury Bills,3.860,31,12,1
2025-12-31,2026,1,2025,4,Marketable,Treasury Notes,3.157,31,12,2
2025-12-31,2026,1,2025,4,Marketable,Treasury Bonds,3.360,31,12,3
2025-12-31,2026,1,2025,4,Marketable,Treasury Inflation-Protected Securities (TIPS),0.978,31,12,4
2025-12-31,2026,1,2025,4,Marketable,Treasury Floating Rate Notes (FRN),3.559,31,12,5
2025-12-31,2026,1,2025,4,Marketable,Federal Financing Bank,2.389,31,12,6
2025-12-31,2026,1,2025,4,Marketable,Total Marketable,3.362,31,12,7
2025-12-31,2026,1,2025,4,Non-marketable,Domestic Series,7.577,31,12,8
2025-12-31,2026,1,2025,4,Non-marketable,Special Purpose Vehicle,2.762,31,12,9
2025-12-31,2026,1,2025,4,Non-marketable,Foreign Series,0.000,31,12,10
2025-12-31,2026,1,2025,4,Non-marketable,State and Local Government Series,3.346,31,12,11
2025-12-31,2026,1,2025,4,Non-marketable,United States Savings Securities,3.328,31,12,12
2025-12-31,2026,1,2025,4,Non-marketable,United States Savings Inflation Securities,4.154,31,12,13
2025-12-31,2026,1,2025,4,Non-marketable,Government Account Series,3.150,31,12,14
2025-12-31,2026,1,2025,4,Non-marketable,Government Account Series Inflation Securities,1.311,31,12,15
2025-12-31,2026,1,2025,4,Non-marketable,Total Non-marketable,3.159,31,12,16
2025-12-31,2026,1,2025,4,Interest-bearing Debt,Total Interest-bearing Debt,3.324,31,12,17
2026-01-31,2026,2,2026,1,Marketable,Treasury Bills,3.760,31,01,1
2026-01-31,2026,2,2026,1,Marketable,Treasury Notes,3.169,31,01,2
2026-01-31,2026,2,2026,1,Marketable,Treasury Bonds,3.369,31,01,3
2026-01-31,2026,2,2026,1,Marketable,Treasury Inflation-Protected Securities (TIPS),0.983,31,01,4
2026-01-31,2026,2,2026,1,Marketable,Treasury Floating Rate Notes (FRN),3.744,31,01,5
2026-01-31,2026,2,2026,1,Marketable,Federal Financing Bank,2.389,31,01,6
2026-01-31,2026,2,2026,1,Marketable,Total Marketable,3.348,31,01,7
2026-01-31,2026,2,2026,1,Non-marketable,Domestic Series,7.577,31,01,8
2026-01-31,2026,2,2026,1,Non-marketable,Special Purpose Vehicle,2.771,31,01,9
2026-01-31,2026,2,2026,1,Non-marketable,Foreign Series,0.000,31,01,10
2026-01-31,2026,2,2026,1,Non-marketable,State and Local Government Series,3.304,31,01,11
2026-01-31,2026,2,2026,1,Non-marketable,United States Savings Securities,3.287,31,01,12
2026-01-31,2026,2,2026,1,Non-marketable,United States Savings Inflation Securities,4.213,31,01,13
2026-01-31,2026,2,2026,1,Non-marketable,Government Account Series,3.167,31,01,14
2026-01-31,2026,2,2026,1,Non-marketable,Government Account Series Inflation Securities,1.297,31,01,15
2026-01-31,2026,2,2026,1,Non-marketable,Total Non-marketable,3.175,31,01,16
2026-01-31,2026,2,2026,1,Interest-bearing Debt,Total Interest-bearing Debt,3.316,31,01,17
2026-02-28,2026,2,2026,1,Marketable,Treasury Bills,3.720,28,02,1
2026-02-28,2026,2,2026,1,Marketable,Treasury Notes,3.190,28,02,2
2026-02-28,2026,2,2026,1,Marketable,Treasury Bonds,3.377,28,02,3
2026-02-28,2026,2,2026,1,Marketable,Treasury Inflation-Protected Securities (TIPS),0.990,28,02,4
2026-02-28,2026,2,2026,1,Marketable,Treasury Floating Rate Notes (FRN),3.748,28,02,5
2026-02-28,2026,2,2026,1,Marketable,Federal Financing Bank,2.389,28,02,6
2026-02-28,2026,2,2026,1,Marketable,Total Marketable,3.355,28,02,7
2026-02-28,2026,2,2026,1,Non-marketable,Domestic Series,7.577,28,02,8
2026-02-28,2026,2,2026,1,Non-marketable,Special Purpose Vehicle,2.781,28,02,9
2026-02-28,2026,2,2026,1,Non-marketable,Foreign Series,0.000,28,02,10
2026-02-28,2026,2,2026,1,Non-marketable,State and Local Government Series,3.253,28,02,11
2026-02-28,2026,2,2026,1,Non-marketable,United States Savings Securities,3.252,28,02,12
2026-02-28,2026,2,2026,1,Non-marketable,United States Savings Inflation Securities,4.248,28,02,13
2026-02-28,2026,2,2026,1,Non-marketable,Government Account Series,3.153,28,02,14
2026-02-28,2026,2,2026,1,Non-marketable,Government Account Series Inflation Securities,1.347,28,02,15
2026-02-28,2026,2,2026,1,Non-marketable,Total Non-marketable,3.161,28,02,16
2026-02-28,2026,2,2026,1,Interest-bearing Debt,Total Interest-bearing Debt,3.320,28,02,17
2026-03-31,2026,2,2026,1,Marketable,Treasury Bills,3.702,31,03,1
2026-03-31,2026,2,2026,1,Marketable,Treasury Notes,3.212,31,03,2
2026-03-31,2026,2,2026,1,Marketable,Treasury Bonds,3.392,31,03,3
2026-03-31,2026,2,2026,1,Marketable,Treasury Inflation-Protected Securities (TIPS),0.999,31,03,4
2026-03-31,2026,2,2026,1,Marketable,Treasury Floating Rate Notes (FRN),3.628,31,03,5
2026-03-31,2026,2,2026,1,Marketable,Federal Financing Bank,2.389,31,03,6
2026-03-31,2026,2,2026,1,Marketable,Total Marketable,3.365,31,03,7
2026-03-31,2026,2,2026,1,Non-marketable,Domestic Series,7.577,31,03,8
2026-03-31,2026,2,2026,1,Non-marketable,Special Purpose Vehicle,2.801,31,03,9
2026-03-31,2026,2,2026,1,Non-marketable,Foreign Series,0.000,31,03,10
2026-03-31,2026,2,2026,1,Non-marketable,State and Local Government Series,3.317,31,03,11
2026-03-31,2026,2,2026,1,Non-marketable,United States Savings Securities,3.216,31,03,12
2026-03-31,2026,2,2026,1,Non-marketable,United States Savings Inflation Securities,4.281,31,03,13
2026-03-31,2026,2,2026,1,Non-marketable,Government Account Series,3.146,31,03,14
2026-03-31,2026,2,2026,1,Non-marketable,Government Account Series Inflation Securities,1.348,31,03,15
2026-03-31,2026,2,2026,1,Non-marketable,Total Non-marketable,3.154,31,03,16
2026-03-31,2026,2,2026,1,Interest-bearing Debt,Total Interest-bearing Debt,3.327,31,03,17
2026-04-30,2026,3,2026,2,Marketable,Treasury Bills,3.696,30,04,1
2026-04-30,2026,3,2026,2,Marketable,Treasury Notes,3.230,30,04,2
2026-04-30,2026,3,2026,2,Marketable,Treasury Bonds,3.403,30,04,3
2026-04-30,2026,3,2026,2,Marketable,Treasury Inflation-Protected Securities (TIPS),1.068,30,04,4
2026-04-30,2026,3,2026,2,Marketable,Treasury Floating Rate Notes (FRN),3.764,30,04,5
2026-04-30,2026,3,2026,2,Marketable,Federal Financing Bank,2.389,30,04,6
2026-04-30,2026,3,2026,2,Marketable,Total Marketable,3.373,30,04,7
2026-04-30,2026,3,2026,2,Non-marketable,Domestic Series,7.577,30,04,8
2026-04-30,2026,3,2026,2,Non-marketable,Special Purpose Vehicle,2.781,30,04,9
2026-04-30,2026,3,2026,2,Non-marketable,State and Local Government Series,3.313,30,04,10
2026-04-30,2026,3,2026,2,Non-marketable,United States Savings Securities,3.176,30,04,11
2026-04-30,2026,3,2026,2,Non-marketable,United States Savings Inflation Securities,4.349,30,04,12
2026-04-30,2026,3,2026,2,Non-marketable,Government Account Series,3.184,30,04,13
2026-04-30,2026,3,2026,2,Non-marketable,Government Account Series Inflation Securities,1.348,30,04,14
2026-04-30,2026,3,2026,2,Non-marketable,Total Non-marketable,3.191,30,04,15
2026-04-30,2026,3,2026,2,Interest-bearing Debt,Total Interest-bearing Debt,3.340,30,04,16
2026-05-31,2026,3,2026,2,Marketable,Treasury Bills,3.690,31,05,1
2026-05-31,2026,3,2026,2,Marketable,Treasury Notes,3.248,31,05,2
2026-05-31,2026,3,2026,2,Marketable,Treasury Bonds,3.413,31,05,3
2026-05-31,2026,3,2026,2,Marketable,Treasury Inflation-Protected Securities (TIPS),1.079,31,05,4
2026-05-31,2026,3,2026,2,Marketable,Treasury Floating Rate Notes (FRN),3.563,31,05,5
2026-05-31,2026,3,2026,2,Marketable,Federal Financing Bank,2.389,31,05,6
2026-05-31,2026,3,2026,2,Marketable,Total Marketable,3.386,31,05,7
2026-05-31,2026,3,2026,2,Non-marketable,Domestic Series,7.577,31,05,8
2026-05-31,2026,3,2026,2,Non-marketable,Special Purpose Vehicle,2.781,31,05,9
2026-05-31,2026,3,2026,2,Non-marketable,State and Local Government Series,3.324,31,05,10
2026-05-31,2026,3,2026,2,Non-marketable,United States Savings Securities,3.169,31,05,11
2026-05-31,2026,3,2026,2,Non-marketable,United States Savings Inflation Securities,4.383,31,05,12
2026-05-31,2026,3,2026,2,Non-marketable,Government Account Series,3.194,31,05,13
2026-05-31,2026,3,2026,2,Non-marketable,Government Account Series Inflation Securities,1.349,31,05,14
2026-05-31,2026,3,2026,2,Non-marketable,Total Non-marketable,3.201,31,05,15
2026-05-31,2026,3,2026,2,Interest-bearing Debt,Total Interest-bearing Debt,3.353,31,05,16
2026-06-30,2026,3,2026,2,Marketable,Treasury Bills,3.706,30,06,1
2026-06-30,2026,3,2026,2,Marketable,Treasury Notes,3.283,30,06,2
2026-06-30,2026,3,2026,2,Marketable,Treasury Bonds,3.430,30,06,3
2026-06-30,2026,3,2026,2,Marketable,Treasury Inflation-Protected Securities (TIPS),1.090,30,06,4
2026-06-30,2026,3,2026,2,Marketable,Treasury Floating Rate Notes (FRN),3.512,30,06,5
2026-06-30,2026,3,2026,2,Marketable,Federal Financing Bank,2.383,30,06,6
2026-06-30,2026,3,2026,2,Marketable,Total Marketable,3.411,30,06,7
2026-06-30,2026,3,2026,2,Non-marketable,Domestic Series,7.577,30,06,8
2026-06-30,2026,3,2026,2,Non-marketable,Special Purpose Vehicle,2.898,30,06,9
2026-06-30,2026,3,2026,2,Non-marketable,State and Local Government Series,3.336,30,06,10
2026-06-30,2026,3,2026,2,Non-marketable,United States Savings Securities,3.160,30,06,11
2026-06-30,2026,3,2026,2,Non-marketable,United States Savings Inflation Securities,4.418,30,06,12
2026-06-30,2026,3,2026,2,Non-marketable,Government Account Series,3.395,30,06,13
2026-06-30,2026,3,2026,2,Non-marketable,Government Account Series Inflation Securities,1.391,30,06,14
2026-06-30,2026,3,2026,2,Non-marketable,Total Non-marketable,3.399,30,06,15
2026-06-30,2026,3,2026,2,Interest-bearing Debt,Total Interest-bearing Debt,3.409,30,06,16
2026-07-31,2026,4,2026,3,Marketable,Treasury Bills,3.758,31,07,1
2026-07-31,2026,4,2026,3,Marketable,Treasury Notes,3.309,31,07,2
2026-07-31,2026,4,2026,3,Marketable,Treasury Bonds,3.442,31,07,3
2026-07-31,2026,4,2026,3,Marketable,Treasury Inflation-Protected Securities (TIPS),1.127,31,07,4
2026-07-31,2026,4,2026,3,Marketable,Treasury Floating Rate Notes (FRN),3.948,31,07,5
2026-07-31,2026,4,2026,3,Marketable,Federal Financing Bank,2.383,31,07,6
2026-07-31,2026,4,2026,3,Marketable,Total Marketable,3.443,31,07,7
2026-07-31,2026,4,2026,3,Non-marketable,Domestic Series,7.577,31,07,8
2026-07-31,2026,4,2026,3,Non-marketable,Special Purpose Vehicle,2.956,31,07,9
2026-07-31,2026,4,2026,3,Non-marketable,State and Local Government Series,3.353,31,07,10
2026-07-31,2026,4,2026,3,Non-marketable,United States Savings Securities,3.152,31,07,11
2026-07-31,2026,4,2026,3,Non-marketable,United States Savings Inflation Securities,4.466,31,07,12
2026-07-31,2026,4,2026,3,Non-marketable,Government Account Series,3.461,31,07,13
2026-07-31,2026,4,2026,3,Non-marketable,Government Account Series Inflation Securities,1.392,31,07,14
2026-07-31,2026,4,2026,3,Non-marketable,Total Non-marketable,3.463,31,07,15
2026-07-31,2026,4,2026,3,Interest-bearing Debt,Total Interest-bearing Debt,3.447,31,07,16
