Source ID,System / Topic,Fiscal year / as-of,Claim / data need,Source / document,Source type,URL,Page / section,Source units,Transformation / use,Reliability,Accessed
S01,NTTA,FY2025 / current,Current official record hub and report inventory,NTTA Financial Information,Authority primary records hub,https://www.ntta.org/about-us/financial-information,Annual reports; monthly reports; trust agreements; debt obligations,Mixed,Navigation and current-status verification,High,2026-09-02
S02,NTTA,"FY2025, year ended 2025-12-31","Audited net toll revenue, audited debt service, coverage and long-term debt",2025 NTTA System ACFR / Annual Summary,Audited financial report,https://www.ntta.org/sites/default/files/2026-06/06-25-2026_Digital-Annual-Report_2025.pdf,Annual Summary / financial highlights and debt tables,Dollars / $ millions,Use audited headline values; convert dollars to $mm where needed,High; direct PDF currently blocks crawler but is listed by NTTA,2026-09-02
S03,NTTA,"FY2025, year ended 2025-12-31","Detailed trust-basis revenue, O&M, debt-service and cash-flow categories",December 2025 Monthly Financial Report,Authority interim financial report; preliminary/unaudited,https://www.ntta.org/sites/default/files/2026-02/December%202025%20MFR.pdf,Revenue and coverage calculation; statement of cash flows,Dollars,"Divide by 1,000,000; use only for category split and reconcile to audited headlines",Medium-high; preliminary and subject to adjustment,2026-09-02
S04,NTTA,Current agreement,"Pooled system pledge, revenue waterfall and coverage tests",Amended and Restated NTTA Trust Agreement,Trust indenture,https://www.ntta.org/whatwedo/fin_invest_info/NTTAsystem/Documents/NTTAAmdRestdTrustagtwithFirstSupplement.pdf,"Revenue Fund, O&M, debt-service, reserve and toll-covenant provisions",Legal text,Classify debt and revenue as system-wide; do not assign all debt to one road,Controlling for covered bonds; confirm supplements for specific series,2026-09-02
S05,HCTRA,"FY2025, year ended 2025-09-30","Audited operating statement, cash flow, transfers, capital spending, debt and coverage",Harris County FY2025 ACFR — Toll Road Authority enterprise fund,Audited ACFR,https://auditor.harriscountytx.gov/portals/auditor/documents/ACFRs/HC%20Final%209-30-25.pdf,"pp. 46–47, 76, 82–87, 257, 272",Dollars / $000 in statistical schedules,"Divide dollars by 1,000,000; preserve statistical-table units and period labels",High,2026-09-02
S06,HCTRA / county toll law,Current code,Surplus-use authority and conditional toll-removal/handoff rule,Texas Transportation Code Chapter 284,Texas statute,https://statutes.capitol.texas.gov/Docs/TN/htm/TN.284.htm,§§284.0031 and 284.008,Legal text,Separate default rule from subsection (d) exception and project-specific orders,Controlling statute,2026-09-02
S07,HCTRA,2016-02-25,Project-specific use of §284.008(d) exception,Texas Transportation Commission meeting agenda,Commission agenda / order record,https://ftp.dot.state.tx.us/pub/txdot/commission/2016/0225/agenda.pdf,Agenda item concerning Harris County toll-road projects,Legal / board record,Use only for projects named in the order; no blanket inference,High for existence of order; inspect underlying order for exact facilities,2026-09-02
S08,CTRMA,FY2025 / current,"Audited-report availability, fiscal year, budgets and project records",CTRMA Financial Information,Authority primary records hub,https://www.mobilityauthority.com/business/finance/fin-inv-info/,Annual audited statements; monthly reports; capital plans; HB803,Mixed,Use as source inventory and to confirm FY July 1–June 30,High,2026-09-02
S09,CTRMA,"FY2025, year ended 2025-06-30","Detailed revenue, cash, O&M, depreciation, interest and debt categories",June 2025 CTRMA Financial Statements,Final monthly financial statements; unaudited,https://www.mobilityauthority.com/wp-content/uploads/2025/08/June-2025-CTRMA-Unaudited-Financial-Statements.pdf,Income statement pp. 1–6; balance sheet and cash flow pp. 7 onward,Dollars,"Divide by 1,000,000; do not substitute detailed unaudited totals for audited headlines",Medium-high; final but unaudited,2026-09-02
S10,CTRMA,FY2025,"Audited toll revenue, debt principal and debt-service coverage",FY2025 Annual Comprehensive Financial Report,"Audited ACFR, linked from authority hub",https://www.mobilityauthority.com/business/finance/fin-inv-info/,Annual Audited Financial Statements — FY2025 ACFR,Dollars / $ millions,Use audited headlines; detailed category split remains sourced to S09,High,2026-09-02
S11,TxDOT toll systems,"FY2025, year ended 2025-08-31","Recurring revenue obligations, debt maturities, concessions and five-year capital plans",TxDOT HB 803 Report FY2025,Statutory agency report,https://www.txdot.gov/content/dam/docs/division/gov/hb-803-report-fy-2025.pdf,"Tables for financed, non-financed and concession facilities; capital plan",$ millions / dates,Use disclosed components to calculate residual reserve and $100 allocation,High,2026-09-02
S12,TxDOT toll systems,FY2025 / current,Audited financial statements and investor disclosures for CTTS and Grand Parkway,TxDOT Financial Publications,State agency primary records hub,https://www.txdot.gov/about/financial-management/financial-publications.html,CTTS and Grand Parkway audited statements / continuing disclosures,Mixed,Use audited statements for accounting; HB803 for comparable recurring obligations,High,2026-09-02
S13,SH 288,Current / 2024 termination,Executed CDA and termination documents,SH 288 Toll Lanes — Executed Agreements,TxDOT contract repository,https://www.txdot.gov/business/road-bridge-maintenance/alternative-delivery/sh288-toll-lanes/executed-agreements.html,"CDA, amendments and termination agreement",Legal text,Distinguish public pavement ownership from private toll-revenue and operating rights,High,2026-09-02
S14,SH 288,2024-07-30,Termination authorization and payment,Texas Transportation Commission meeting minutes,Commission action,https://www.txdot.gov/content/dam/docs/commission/2024/0730/minutes.pdf,SH 288 termination item,Dollars / legal record,"Divide payment by 1,000,000; use exact stated amount",High,2026-09-02
S15,SH 288 / TTFC,2025-07-31,"State loan, toll-revenue assignment and post-termination financing authority",Texas Transportation Commission Minute Order,Commission order,https://www.txdot.gov/content/dam/docs/commission/2025/0731/8.pdf,Minute order 8,Dollars / legal record,"Trace state loan, revenue rights and refinancing plan separately",High,2026-09-02
S16,SH 288,Project finance / 2024 termination,Original project cost and financing sources,Build America: SH 288 Toll Lanes Project,USDOT project profile,https://www.transportation.gov/buildamerica/projects/state-highway-sh-288-toll-lanes-project,Project financing and TIFIA summary,$ millions,"Use as project-cost context, not as current legal toll sunset",High for federal finance terms,2026-09-02
S17,NTE / LBJ / NTE 35W,FY2025; filed 2026,"Revenue, EBITDA, dividends, debt, ownership and lockups",Ferrovial Factbook 2026,SEC-filed issuer presentation,https://www.sec.gov/Archives/edgar/data/1468522/000162828026032618/ferrovial-factbook2026_s.htm,North American toll roads / DFW concessions,$ millions / percentages,Do not equate EBITDA with distributable cash; preserve project-level figures,High for sponsor disclosures; not an audited project cash-flow statement,2026-09-02
S18,North Tarrant Express,Current concession,"Project cost, finance stack, term and structure",FHWA Project Profile: North Tarrant Express,Federal project profile,https://www.fhwa.dot.gov/ipd/project_profiles/tx_north_tarrant.aspx,Project overview and financing,$ millions / years,Use for original financing and concession structure,High; update current ownership separately,2026-09-02
S19,LBJ Express,Current concession,"Project cost, finance stack, term and structure",FHWA Project Profile: LBJ Express,Federal project profile,https://www.fhwa.dot.gov/ipd/project_profiles/tx_lbj_express.aspx,Project overview and financing,$ millions / years,Use for original financing and concession structure,High; update current ownership separately,2026-09-02
S20,NTE 35W,Current concession,"3A/3B delivery split, finance stack, term and structure",FHWA Project Profile: NTE 35W,Federal project profile,https://www.fhwa.dot.gov/ipd/project_profiles/tx_north_tarrant_3a3b.aspx,Project overview and financing,$ millions / years,Separate privately financed 3A from publicly delivered 3B where material,High; update current ownership separately,2026-09-02
S21,SH 130 Segments 5–6,Current,"Responsible entity, public ownership and 50-year concession",TxDOT SH 130 Project Page,State agency primary page,https://www.txdot.gov/business/road-bridge-maintenance/alternative-delivery/sh130.html,Project overview,Legal / descriptive,Use responsible entity and term; do not infer ultimate equity chain,High,2026-09-02
S22,SH 130 Segments 5–6,Current agreement,Executed facility concession agreement and amendments,TxDOT SH 130 Executed Agreements,Contract repository,https://www.txdot.gov/business/road-bridge-maintenance/alternative-delivery/sh130/executed-agreements.html,Facility Concession Agreement,Legal text,"Use for toll rights, O&M duties, revenue sharing, default and reversion",High,2026-09-02
S23,SH 130 Segments 5–6,Original financing / 2016–2017 restructuring,"Original project cost, finance and bankruptcy history",Build America: SH 130 Segments 5 and 6,USDOT project profile,https://www.transportation.gov/buildamerica/projects/sh-130-segments-5-and-6,Project financing and TIFIA summary,$ millions / dates,Use for financing and restructuring context,High for federal finance terms,2026-09-02
S24,SH 130 Segments 5–6,Current,Current operator/company description,SH 130 Concession Company — About,Concession company primary page,https://mysh130.com/about/,Company / operator description,Descriptive,Use only for company identity; ultimate equity remains unresolved,Medium-high,2026-09-02
S25,FBCTRA,FY2025,"Audited revenue, expense, debt and reserve balances",Fort Bend County Toll Road Authority FY2025 Financial Report,Audited authority report,https://transparencydocs.fortbendcountytx.gov/Traditional_Finances/2025/FY2025_FBCTRA.pdf,Basic financial statements and notes,Dollars,"Divide by 1,000,000; no cash-flow allocation where unavailable",High; direct PDF blocks crawler,2026-09-02
S26,FBGPTRA,FY2025,"Separate audited authority revenue, expense and debt",Fort Bend Grand Parkway Toll Road Authority FY2025 Financial Report,Audited authority report,https://transparencydocs.fortbendcountytx.gov/Traditional_Finances/2025/FY2025_FBGPTRA.pdf,Basic financial statements and notes,Dollars,Keep separate from FBCTRA and countywide figures,High; direct PDF blocks crawler,2026-09-02
S27,Regional mobility authorities,Current code,Surplus use after required payments,Texas Transportation Code Chapter 370,Texas statute,https://statutes.capitol.texas.gov/Docs/TN/htm/TN.370.htm,§370.174,Legal text,"Classify reduce-toll, reserve and other-transportation-project options",Controlling statute,2026-09-02
S28,NTTA,Current code,Regional tollway authority powers and surplus limitations,Texas Transportation Code Chapter 366,Texas statute,https://statutes.capitol.texas.gov/Docs/TN/htm/TN.366.htm,§366.407 and related bond/toll provisions,Legal text,Read subject to trust agreement and outstanding bond covenants,Controlling statute,2026-09-02
S29,TxDOT toll systems,Current code,Use of surplus toll revenue,Texas Transportation Code Chapter 228,Texas statute,https://statutes.capitol.texas.gov/Docs/TN/htm/TN.228.htm,§228.006,Legal text,Separate commission-authorized use from bond-required reserves,Controlling statute,2026-09-02
