"facility","region","physical_owner","operator","toll_revenue_claimant","concessionaire","term","private_rights_status","billing_agency","evidence_date","source_ids"
"TxDOT-operated toll systems","Austin, Houston, and Dallas–Fort Worth","State of Texas / TxDOT","TxDOT and its public project entities","The applicable public toll system or project entity","None","Ongoing public ownership","No private concession","HCTRA","2026-07-23","s21|s22|s26"
"North Texas Tollway Authority system","Dallas–Fort Worth","NTTA; Sam Rayburn Tollway is held through a state right of use","NTTA","NTTA system","None","Ongoing public system; Sam Rayburn use right ends 2058","No private concession","NTTA","2026-07-23","s15|s16|s26"
"Harris County Toll Road Authority system","Houston","Harris County","HCTRA","HCTRA enterprise fund","None","Ongoing county ownership","No private concession","HCTRA","2026-07-23","s17|s26"
"Regional and county toll authorities","Austin, East Texas, Houston, Fort Bend, and Rio Grande Valley","Applicable public authority, county, or public right-of-way owner","CTRMA, NET RMA, BCTRA, FBCTRA, MCTRA, CCRMA, or applicable public authority","The applicable public authority or pledged system","None","Ongoing public ownership or right of use","No private concession","CTRMA, NTTA, HCTRA, or CCRMA, depending on the facility","2026-07-23","s18|s19|s20|s26"
"North Tarrant Express","Dallas–Fort Worth","State of Texas / TxDOT","NTE Mobility Partners, LLC","NTE Mobility Partners, LLC, subject to debt and public sharing","NTE Mobility Partners, LLC","2009–2061","Yes—time-limited operating and toll-revenue rights","NTTA","2026-07-23","s6|s7|s26"
"LBJ Express","Dallas–Fort Worth","State of Texas / TxDOT","LBJ Infrastructure Group, LLC","LBJ Infrastructure Group, LLC, subject to debt and public sharing","LBJ Infrastructure Group, LLC","2009–2061","Yes—time-limited operating and toll-revenue rights","NTTA","2026-07-23","s6|s8|s26"
"NTE 35W","Dallas–Fort Worth","State of Texas / TxDOT","NTE Mobility Partners Segments 3, LLC","NTE Mobility Partners Segments 3, LLC, subject to debt and public sharing","NTE Mobility Partners Segments 3, LLC","2013–2061","Yes—time-limited operating and toll-revenue rights","NTTA","2026-07-23","s6|s9|s26"
"SH 130 Segments 5–6","Austin–San Antonio corridor","State of Texas / TxDOT","SH 130 Concession Company, LLC","SH 130 Concession Company, LLC, after debt and public sharing","SH 130 Concession Company, LLC","2007–2062","Yes—time-limited operating and toll-revenue rights","HCTRA","2026-07-23","s10|s11|s13|s14|s26"
"SH 288 managed lanes (former concession)","Houston","State of Texas / TxDOT","Texas Transportation Finance Corporation / public structure","Public project structure","None since October 8, 2024","Private term ended; original expiry was March 2068","No current private rights; the concession was terminated","HCTRA","2026-07-23","s1|s2|s3|s21|s22|s26"
