company,facility_or_program,reported_capacity,reported_unit,metric_low,metric_high,product_form,maturity_bucket,public_commercial_shipment_evidence,target_or_status_date,inclusion_logic,source_ids,source_url,notes
MP Materials,"Independence, Fort Worth, Texas",3000,metric tonnes/year,3000.0,3000.0,Sintered NdFeB magnets; integrated metal/alloy capability; precursor products during ramp,Commissioning / ramp / qualification,No sustained commercial magnet production disclosed; customer qualification deliveries disclosed,Commissioning began late 2025; qualification continuing in Q2 2026,Explicit magnet capacity; current operating status separated from capacity,S03;S04,https://www.sec.gov/Archives/edgar/data/1801368/000180136826000029/mp-20260331.htm,"The 3,000-tonne commitment is a scaled target, not current output."
MP Materials,"10X facility, Northlake, Texas",7000,metric tonnes/year,7000.0,7000.0,Sintered NdFeB magnets,Future capacity,No; facility under development,Commissioning expected in 2028,Explicit committed capacity and commissioning target,S03;S04,https://www.sec.gov/Archives/edgar/data/1801368/000180136826000029/mp-20260331.htm,"Counted once; not additive to any earlier superseded 1,000-tonne MP target."
USA Rare Earth,"Stillwater Phase 1a, Oklahoma",600,metric tonnes/year,600.0,600.0,"Machined, coated and magnetized sintered NdFeB magnets",Commissioning / ramp / qualification,Line commissioned; customer orders announced; sustained output not disclosed,600 tpa run-rate target by end-Q4 2026,"Explicit phase capacity nested inside the 10,000-tonne corporate total",S05;S06;S07,https://investors.usare.com/news-releases/news-release-details/usa-rare-earth-achieves-major-operational-and-strategic,"The remaining 9,400 tonnes of the corporate program is listed separately as a derived remainder to prevent double counting."
USA Rare Earth,Remaining Stillwater / Blacksburg program capacity,9400,"metric tonnes/year, derived remainder",9400.0,9400.0,"Sintered NdFeB magnets; Blacksburg explicitly targets 6,400 tpa",Future capacity,No for the remaining capacity,Stillwater 1a/1b ramp through Q1 2027; Blacksburg commissioning targeted in 2028,"10,000 corporate total minus 600 Phase 1a; does not allocate the remainder to a specific line beyond disclosed facts",S05;S06;S07,https://investors.usare.com/news-releases/news-release-details/usa-rare-earth-selects-cherokee-county-south-carolina-new-rare,Derived solely for maturity-bucket arithmetic. It should not be read as a disclosed facility line.
Vulcan Elements,"Benson, North Carolina",10000,metric tonnes/year,10000.0,10000.0,Rare-earth permanent magnets; company describes sintered NdFeB production platform,Future capacity,No for Benson; separate small-scale Durham production is not assigned an undisclosed capacity,Site selected November 2025; commissioning date not disclosed in source used,Explicit future capacity at named U.S. site,S12,https://vulcanelements.com/vulcan-elements-selects-benson-north-carolina-for-1-billion-magnet-facility/,The audit does not add an externally estimated Durham pilot capacity.
JS Link America,"Columbus, Georgia",3000,"tons/year, unit unspecified",2721.5542,3000.0,Rare-earth permanent magnets; company-controlled description identifies sintered NdFeB technology,Future capacity,No; U.S. facility planned,Operations expected late 2027,Explicit annual capacity; range preserves short-ton/metric-ton ambiguity,S13,https://georgia.org/press-releases/2025/gov-kemp-korean-magnet-facility-create-more-500-jobs-columbus,High case treats “tons” as metric; low case converts U.S. short tons to metric tonnes.
Noveon Magnetics,"San Marcos, Texas",2000,"tons/year, unit unspecified",1814.3695,2000.0,"Commercial sintered NdFeB finished magnets, including GM vehicle applications",Commercial shipments + disclosed nameplate,Yes; deliveries to GM began July 2025,"Operating; January 2026 disclosure says expansion beyond 2,000 tons","Counts only the explicit 2,000-ton baseline; unspecified expansion excluded",S10;S11,https://noveon.co/noveon-completes-series-c,Capacity range preserves unit ambiguity; no claim that realized output equals nameplate.
VAC / eVAC Magnetics,"Sumter, South Carolina",2000,metric tonnes/year,2000.0,2000.0,Mass-production-grade sintered magnets; automotive traction-motor grades; NdFeB blocks for DLA,Commercial shipments + disclosed nameplate,Yes; first shipment December 2025 and commercial production disclosed in 2026,Operating in 2026,Current nameplate only,S08;S09;S16,https://vacuumschmelze.com/Newsroom/evac-magnetics-holds-opening-ceremony-for-sumter-south-carolina-rare-earth-magnet-manufacturing-facility-n2902,"Optional 4,000- or 12,000-tonne expansion pathways are excluded. Energy Fuels acquisition remains pending."
HyProMag USA,"Texas Hub, Northlake, Texas",1048,metric tonnes/year,1048.0,1048.0,673 tpa finished magnets plus 375 tpa sintered blocks from recycled feedstock,Future capacity,No; phased project under development,Finishing line H1 2027; integrated HPMS/magnet commissioning Q2 2028; staged ramp,"Counts finished magnets and sintered blocks only; excludes powder, swarf and offcuts",S14;S15,https://hypromagusa.com/hypromag-usa-advances-texas-hub-and-u-s-magnet-platform/,Initial 2027 finishing may use up to 20 tonnes of imported UK/German blocks and is not equivalent to full integrated domestic output.
