prospect_id,priority,category,prospect,recipient,address,evidence_url,target_asset,qualification,personalization,status,approval_required,sent_at
txtr-001,1,texas_transportation_reporting,The Dallas Morning News,Yamil Berard,https://www.dallasnews.com/author/Yamil%20Berard/,https://www.dallasnews.com/news/investigations/2024/10/23/a-look-at-texas-private-toll-roads/,https://sulayman-bowles.dev/research/texas-toll-road-ownership-2026.csv,"Toll Trap reporter with continuing Texas toll-road policy, billing, safety, and public-finance coverage.","Offer a correction-ready ownership and billing matrix that reflects the SH 288 reversion and separates state title from concession rights.",draft_ready,yes,
txtr-002,1,texas_transportation_reporting,KUT 90.5,Nathan Bernier,https://www.kut.org/people/nathan-bernier-kut,https://www.kut.org/transportation/2024-05-20/who-pays-for-texas-highways,https://sulayman-bowles.dev/markets/who-owns-texas-toll-roads,"Austin transportation reporter who explains road funding and complex agency structures to drivers.","Lead with the Austin lookup rows for TxDOT, CTRMA, and SH 130 Segments 5-6.",draft_ready,yes,
txtr-003,1,texas_transportation_reporting,The Texas Tribune,Joshua Fechter / transportation desk,pitches@texastribune.org,https://www.texastribune.org/texas-transportation-roads-transit-infrastructure/,https://sulayman-bowles.dev/markets/who-owns-texas-toll-roads,"Statewide policy newsroom with a current transportation topic and an explicit story-pitch address.","Offer the matrix as a source aid for statewide ownership, concession, and billing explainers.",draft_ready,yes,
txtr-004,1,texas_transportation_reporting,KPRC 2 Investigates,Mario Diaz / 2 Investigates,https://www.click2houston.com/contact/,https://www.click2houston.com/news/local/2026/05/07/houston-drivers-paid-nearly-1-billion-in-tolls-so-why-are-they-still-stuck-in-traffic/,https://sulayman-bowles.dev/research/texas-toll-road-ownership-2026.csv,"Recent HCTRA revenue and public-records investigation directly overlaps the matrix's revenue-claimant and billing fields.","Lead with HCTRA, TxDOT Houston systems, and former SH 288 rows.",draft_ready,yes,
txtr-005,1,texas_transportation_reporting,Houston Chronicle,Houston city desk,citydesk@houstonchronicle.com,https://www.houstonchronicle.com/newsroom_contacts/,https://sulayman-bowles.dev/markets/who-owns-texas-toll-roads,"Houston newsroom covers HCTRA, SH 288, TxDOT, public finance, and infrastructure accountability.","Offer the sourced SH 288 pre/post-termination ownership row and Houston billing map.",draft_ready,yes,
txtr-006,1,texas_transportation_reporting,Community Impact,Texas newsroom editors,https://communityimpact.com/corporate-contact/,https://communityimpact.com/corporate-contact/,https://sulayman-bowles.dev/research/texas-toll-road-ownership-2026.csv,"Forty-plus Texas editions publish recurring transportation updates and maintain a routed newsroom-tip form.","Frame the CSV as a local reporting lookup for Austin, Houston, DFW, Fort Bend, and regional authority coverage.",draft_ready,yes,
txtr-007,1,texas_transportation_reporting,Texas Standard,Texas Standard newsroom,https://www.texasstandard.org/contact/,https://www.texasstandard.org/,https://sulayman-bowles.dev/markets/who-owns-texas-toll-roads,"Statewide public-radio program regularly explains Texas policy and infrastructure across regions.","Offer a statewide explainer hook: public pavement versus finite private rights.",draft_ready,yes,
txtr-008,1,texas_transportation_reporting,Houston Public Media,Newsroom,https://www.houstonpublicmedia.org/contact/,https://www.houstonpublicmedia.org/tag/transportation/,https://sulayman-bowles.dev/research/texas-toll-road-ownership-2026.csv,"Public-media newsroom covers Houston transportation agencies and driver-facing policy.","Lead with HCTRA billing, TxDOT systems, and the former SH 288 concession.",research_ready,yes,
txtr-009,1,texas_transportation_reporting,Fort Worth Report,Newsroom,https://fortworthreport.org/contact/,https://fortworthreport.org/category/transportation/,https://sulayman-bowles.dev/research/texas-toll-road-ownership-2026.csv,"Local nonprofit newsroom covers North Texas transportation, development, and public accountability.","Lead with the three DFW concessions and NTTA's distinct public-system role.",research_ready,yes,
txtr-010,2,texas_transportation_reporting,San Antonio Report,Newsroom,https://sanantonioreport.org/contact/,https://sanantonioreport.org/tag/transportation/,https://sulayman-bowles.dev/markets/who-owns-texas-toll-roads,"Nonprofit newsroom covers regional mobility and the Austin-San Antonio corridor.","Lead with SH 130 Segments 5-6 ownership, bankruptcy history, and 2062 term.",research_ready,yes,
txtr-011,2,texas_transportation_reporting,Austin Monitor,Editorial team,https://www.austinmonitor.com/contact-us/,https://www.austinmonitor.com/stories/category/transportation/,https://sulayman-bowles.dev/research/texas-toll-road-ownership-2026.csv,"Local civic newsroom tracks Austin transportation governance and public authorities.","Offer the TxDOT-versus-CTRMA-versus-SH 130 operator lookup.",research_ready,yes,
txtr-012,2,texas_transportation_reporting,Axios Transportation,Joann Muller,https://www.axios.com/local/dallas/authors/jmuller,https://www.axios.com/local/dallas/authors/jmuller,https://sulayman-bowles.dev/research/texas-toll-road-ownership-2026.csv,"National transportation correspondent with current mobility and infrastructure coverage.","Pitch the counterintuitive ownership stack as a compact data-backed smart-brevity item.",research_ready,yes,
txtr-013,1,transport_trade_editorial,FHWA Public Roads,TaMara McCrae / editorial board,PublicRoads@dot.gov,https://highways.dot.gov/public-roads-magazine,https://sulayman-bowles.dev/research/texas-toll-road-ownership-2026.csv,"FHWA magazine explicitly accepts story proposals on highway operations and infrastructure and applies technical review.","Offer a short data-note proposal on distinguishing public title, concession rights, operators, and billing.",draft_ready,yes,
txtr-014,1,transport_trade_editorial,Transportation Today,Story ideas desk,leads@transportationtodaynews.com,https://transportationtodaynews.com/about/transportation-today/,https://sulayman-bowles.dev/markets/who-owns-texas-toll-roads,"Editorial publication covers federal and state transportation agencies, roadways, and infrastructure policy.","Offer the current four-concession inventory and former SH 288 comparison.",draft_ready,yes,
txtr-015,1,transport_trade_editorial,Roads & Bridges,Gavin Jenkins / editorial team,https://www.roadsbridges.com/contact-us,https://www.roadsbridges.com/contact-us,https://sulayman-bowles.dev/research/texas-toll-road-ownership-2026.csv,"Trade publication serves road engineers, contractors, and government officials and accepts story ideas through its editorial contact path.","Lead with the operator/billing distinction and the public-title contract model.",draft_ready,yes,
txtr-016,1,transport_trade_editorial,Engineering News-Record,Aileen Cho / infrastructure desk,enr@enr.com,https://www.enr.com/contactus,https://sulayman-bowles.dev/markets/who-owns-texas-toll-roads,"ENR's infrastructure desk covers transportation delivery, public-private contracts, and major project finance.","Lead with the SH 288 termination and the DFW concession comparison.",draft_ready,yes,
txtr-017,1,transport_trade_editorial,Transport Topics,Editorial desk,tteditor@ttnews.com,https://www.ttnews.com/transport-topics-staff,https://sulayman-bowles.dev/research/texas-toll-road-ownership-2026.csv,"Freight and trucking publication covers road pricing, corridors, and transportation policy.","Lead with SH 130 truck-corridor economics and the facility-specific billing field.",draft_ready,yes,
txtr-018,2,transport_trade_editorial,Mass Transit,Megan Perrero / editorial team,https://www.masstransitmag.com/contact-us,https://www.masstransitmag.com/contact-us,https://sulayman-bowles.dev/research/texas-toll-road-ownership-2026.csv,"Integrated-mobility trade publication publishes agency and infrastructure research.","Offer the public-authority governance rows as background rather than a guest-post request.",research_ready,yes,
txtr-019,1,infrastructure_finance_editorial,P3 Bulletin,Paul Jarvis,paul.jarvis@haymarket.com,https://www.partnershipsbulletin.com/contactus,https://sulayman-bowles.dev/markets/who-owns-texas-toll-roads,"P3 editorial desk directly covers public-private partnership transactions and operating concessions.","Lead with current concessionaires, terms, revenue rights, and the SH 288 public reversion.",draft_ready,yes,
txtr-020,1,infrastructure_finance_editorial,Infrastructure Investor,Transport editorial team,https://www.infrastructureinvestor.com/suggest-a-story/,https://www.infrastructureinvestor.com/contact-us/,https://sulayman-bowles.dev/markets/who-owns-texas-toll-roads,"Infrastructure investment publication has a transport sector and an explicit story-suggestion form.","Offer the source-led DFW cap table, debt context, finite concession terms, and evidence gaps.",draft_ready,yes,
txtr-021,2,transport_policy_editorial,Eno Transportation Weekly,Jeff Davis,https://enotrans.org/contact/,https://enotrans.org/subscribe/,https://sulayman-bowles.dev/research/texas-toll-road-ownership-2026.csv,"Nonpartisan transportation policy publication focuses on funding, governance, agencies, and states.","Frame the asset as a Texas governance and concession-reference dataset.",research_ready,yes,
txtr-022,2,toll_industry_resource,International Bridge Tunnel and Turnpike Association,Tollways editorial team,https://www.ibtta.org/contact-us,https://www.ibtta.org/,https://sulayman-bowles.dev/research/texas-toll-road-ownership-2026.csv,"Industry association represents toll operators and publishes tolling resources.","Ask for factual review and resource consideration; do not imply association endorsement.",research_ready,yes,
txtr-023,1,academic_transport_resource,Texas A&M Transportation Institute,Jack Wenzel / TTI Communications,https://tti.tamu.edu/contact/,https://tti.tamu.edu/contact/,https://sulayman-bowles.dev/research/texas-toll-road-ownership-2026.csv,"Major Texas transportation research institute publishes reports, research summaries, and public-facing resources.","Request source review and consideration as a public explainer resource, with non-peer-reviewed status explicit.",draft_ready,yes,
txtr-024,2,academic_transport_resource,TTI Planning and Engagement Program,Billy Hwang,W-Hwang@tti.tamu.edu,https://pep.tti.tamu.edu/,https://sulayman-bowles.dev/research/texas-toll-road-ownership-2026.csv,"Program explicitly researches transportation planning, policy, law, public engagement, and communication.","Offer the ownership fields as a public-communication artifact and invite corrections.",research_ready,yes,
txtr-025,2,academic_transport_resource,UT Austin Center for Transportation Research,Caitlan Zilligen / technical editor,cmccollum@austin.utexas.edu,https://ctr.utexas.edu/staff-and-technical-support,https://sulayman-bowles.dev/research/texas-toll-road-ownership-2026.csv,"University transportation center has a technical writer/editor and a long TxDOT research relationship.","Ask whether the matrix is suitable for a student/public resources page after source review.",research_ready,yes,
txtr-026,2,academic_transport_resource,UT Austin Center for Transportation Research,Geoffrey Potter / webmaster,geoffrey.potter@austin.utexas.edu,https://ctr.utexas.edu/staff-and-technical-support,https://sulayman-bowles.dev/research/texas-toll-road-ownership-2026.csv,"CTR maintains public transportation research and educational web resources.","Use only for a resource-page fit inquiry after editorial review; avoid duplicate outreach with txtr-025.",research_ready,yes,
txtr-027,2,government_adjacent_resource,Texas State Library and Archives Commission,Reference staff,https://www.tsl.texas.gov/arc/contact,https://www.tsl.texas.gov/arc/findingaids/recordsfindingaids.html,https://sulayman-bowles.dev/research/texas-toll-road-ownership-2026.csv,"State archive maintains highway and public-transportation records and a public reference service.","Ask for relevant official collections or corrections first; pursue a link only if the asset fits an existing guide.",research_ready,yes,
txtr-028,2,academic_transport_resource,Transportation Research Board,TRR editorial office,trr@nas.edu,https://trb.secure-platform.com/a/page/trrjournal/contactus,https://sulayman-bowles.dev/research/texas-toll-road-ownership-2026.csv,"TRB publication office is authoritative but formal-journal standards make this a research-fit inquiry rather than ordinary outreach.","Do not pitch the blog as peer-reviewed; ask whether a data note or relevant committee resource route exists.",research_only,yes,
txtr-029,2,academic_transport_resource,Center for Transportation Equity Decisions and Dollars,Resource team,https://ctedd.uta.edu/contact/,https://ctedd.uta.edu/,https://sulayman-bowles.dev/research/texas-toll-road-ownership-2026.csv,"University transportation center focuses on policy, finance, and equity dimensions of transportation decisions.","Verify the current contact route before sending; lead with ownership, billing, and revenue-right transparency.",research_only,yes,
txtr-030,2,government_adjacent_resource,FHWA Research Library,Reference librarian,fhwalibrary@dot.gov,https://highways.dot.gov/public-roads-magazine,https://sulayman-bowles.dev/research/texas-toll-road-ownership-2026.csv,"Federal highway research library supports discovery of transportation publications and source records.","Ask for source-gap guidance and catalog/resource fit; do not request an endorsement.",research_ready,yes,
